GPCR,smiles,STANDARD_VALUE
P08912,C[N+]1(CCCC1C2CSC(O2)(C3CCCCC3)C4=CC=CC=C4)C.[I-],0.97
P08912,CCN1CCC(=C(C1)C(=O)OCCCCC2=CC=CC=C2)C3=CC=CC=C3,-2.925
P08912,CC1=CC=C(O1)C2CCC[N+]2(C)C.[I-],-3.98
P08912,C1CC(C2=CC=CC=C2C1C3=CC(=C(C=C3)Cl)Cl)N,-3.58
P08912,CCCOC(=O)C1CN(CC=C1C2=CC=CC=C2)CC.C(=O)(C(=O)O)O,-3.052
P08912,CCOC1=NOC2=C1CNCCC2,-3.322
P08912,CN1CCCC1C2=CC=C(O2)C(C3CCCCC3)(C4=CC=CC=C4)O,-3.19
P08912,CC1=CC=CC=C1C(C2=CC=CC=C2)OCCN(C)C,-1.895
P08912,CCN1CCN(CC1)C2=C(C=C(C=C2)NC(=O)C3=CC(=CC=C3)C(F)(F)F)Cl,-3.613
P08912,CN1CCCC(C1)CN2C3=CC=CC=C3SC4=CC=CC=C42,-1.531
P08912,C1=CC(=CC=C1CN2C3=C(C=C(C=C3)OC(F)(F)F)C(=O)C2=O)OC(F)(F)F,-3.27
P08912,C[N+]1(CCCC1C2CS(=O)C(O2)(C3=CC=CC=C3)C4=CC=CC=C4)C,-1.783
P08912,CCCCCCCCCOC(=O)C1=C(CCN(C1)CC)C2=CC=CC=C2,-1.93
P08912,CC1=CC(=NO1)OCC#CC[N+](C)(C)C,-3.8
P08912,CCN1CCC(=C(C1)C(=O)OCC(C2=CC=CC=C2)C3=CC=CC=C3)C4=CC=CC=C4.C(=O)(C(=O)O)O,-3.493
P08912,C1=CC2=C(C(=C1)F)N(C(=O)C2=O)CC3=CC=C(C=C3)Br,-3.286
P08912,C1C2C3CC4C2C5C1C3C(C45)NCCC6=CC=CC=N6,-3.764
P08912,CCN1CC=C(C(C1)C(=O)OCC2CCCCC2)C3=CC=CC=C3.C(=O)(C(=O)O)O,-2.331
P08912,CCN1CCC(=C(C1)C(=O)OCCC2=CC(=C(C=C2)OC)F)C3=CC=CC=C3,-3.391
P08912,C1=CC(=CC=C1CN2C3=C(C=C(C=C3)OC(F)(F)F)C(=O)C2=O)C4=CN=C(C=C4)F,-3.556
P08912,CC1=CC2=C(CC(=C2C(C)C3=CC=CC=N3)CCN(C)C)C=C1,-3.77
P08912,CN(C)CCC(C1=CC=C(C=C1)Cl)C2=CC=CC=N2,-2.952
P08912,C[N+]1(CCCC1C2CS(=O)C(O2)(C3CCCCC3)C4=CC=CC=C4)C,-2.395
P08912,COC1=CC=CC=C1CN2CCC(CC2)C3CCN(CC3)CCCCCCCCN4CCC(CC4)C5CCN(CC5)CC6=CC=CC=C6OC,-2.021
P08912,CN(C)CCC=C1C2=CC=CC=C2SC3=C1C=C(C=C3)Cl,-1.398
P08912,CC(C)OC1=CC=C(C=C1)C(=O)N2CCN3C2(C4=CC=CC=C4C3=O)C5=CC6=C(C=C5)OCO6,-3.041
P08912,C[N+]1(CCCC1C2=CC=C(O2)C(C3CCCCC3)(C4=CC=CC=C4)O)C,-2.94
P08912,C1CCC(CC1)C(CCN2CCCCC2)(C3=CC=CC=C3)O,-1.079
P08912,CC1=C(CN(CC1)C)C2=NSN=C2SC,-5
P08912,C1CCN(C1)CCOC(=O)N2C3=CC=CC=C3SC4=CC=CC=C42,-0.778
P08912,CN(C)CC1COCC(O1)(C2=CC=CC=C2)C3=CC=CC=C3.C(=O)(C(=O)O)O,-0.73
P08912,CCN(C(C)C1=CC=CC=C1)C(=O)C2CCN(CC2)S(=O)(=O)C3=CC4=C(C=C3)OC=C4,-2.969
P08912,CC1COC(CO1)C[N+](C)(C)C,-4.97
P08912,C[N+]1(CCCC1C2=CC=CO2)C,-4.37
P08912,CN1CCC(=C(C1)C(=O)OCCC2=CC(=C(C=C2)OC)OC)C3=CC=CC=C3,-3.35
P08912,CC1OC(CS1=O)C2CCC[N+]2(C)C,-4.66
P08912,CCCCOC(=O)C1=C(CCN(C1)CC)C2=CC=CC=C2.C(=O)(C(=O)O)O,-2.406
P08912,CC1COC(CO1)C[N+](C)(C)C.[I-],-4.8
P08912,C1CN(CCC1(C2=CC=C(C=C2)Br)O)CCCC(=O)C3=CC=C(C=C3)F,-3.681
P08912,CCN(CC1=CC=CC=C1)C(=O)C2CCN(CC2)S(=O)(=O)C3=CC=C(C=C3)OC,-3.519
P08912,C1CN(CCN1CCCC(C2=CC=CC=C2)(C3=CC=CC=C3)O)C4=CC=CC=C4.Cl,-5.09
P08912,CCN1CCC(=C(C1)C(=O)OCCC2CCCCC2)C3=CC=CC=C3.C(=O)(C(=O)O)O,-1.75
P08912,CCCCN1CCC(CC1)COC(=O)C2=CC(=C(C3=C2OCCO3)NC)Cl,-2.988
P08912,CC(C1=CC=CC=N1)C2=C(CC3=CC=CC=C32)CCN4CCCCC4,-3.37
P08912,C1CN(CCC1CCCCCCCCCCCCCO)CCCN2C(=O)CCC3=CC=CC=C32,-2.53
P08912,CCN1CCC(=C(C1)C(=O)OCC2=CC=C(C=C2)OC)C3=CC=CC=C3,-3.558
P08912,CC1=C(C2=C(N1C)C=CC3=C2CN4CCC5=C(C4O3)C=CC(=C5)OC)C(=O)OC,-3.56
P08912,C1CN(C2(N1C(=O)C3=CC=CC=C32)C4=CC=CC=C4)C(=O)C5=CC=C(C=C5)C(F)(F)F,-3.29
P08912,CC(C1=CC=CC=N1)N(C)C(=O)C2=NOC(=C2)COC3=CC=CC(=C3)C(=O)C,-3.064
P08912,CC1=CC=C(C=C1)C23C4=CC=CC=C4C(=O)N2CCN3C(=O)C5=CC=C(C=C5)OC(F)(F)F,-3.542
P08912,CCOC(=O)N1CCC(CC1)NCCNC(=O)C2=CC=CC=C2C.Cl,-4.381
P08912,CN(C)CCOC(=O)C1=C(C2=CC=CC=C2C1)CC3=CC=CC=N3,-4.24
P08912,C1CCN(CC1)CCCC(C2=CC=CC=C2)(C3=CC=CC=C3)O,-3.01
P08912,CN1CCC2=C(C1)C3=NSN=C3SC2,-4.362
P08912,CCN1CCC(=C(C1)C(=O)OCCC2=CSC=C2)C3=CC=CC=C3,-2.279
P08912,COC1=C(C=C(C=C1)C23C4=CC=CC=C4C(=O)N2CCN3C(=O)C5=CC(=C(C=C5)F)F)Cl,-3.74
P08912,CC1=CC(=NO1)OCC#CC[N+]2(CCCC2)C.[I-],-3.876
P08912,CCCC1=C(C2=C(N1C)C=CC3=C2CN4CCC5=C(C4O3)C=CC(=C5)OC)C(=O)OCC,-3.53
P08912,CCN1CC=C(C(C1)C(=O)OC)C2=CC=CC=C2.C(=O)(C(=O)O)O,-4.228
P08912,C[N+]1(CCN(CC1)C2=CC=CC=C2)CCCC(C3=CC=CC=C3)(C4=CC=CC=C4)O.[I-],-3.84
P08912,CC(C1=CC=CC=N1)C2=C(CC3=CC=CC=C32)CCN4CCCC4,-3.3
P08912,[B-]1(N2C(=CC=C2C=CC3=CC=C(C=C3)OCC(=O)NCCCCCC(=O)NCCC4=CC(=C(C=C4)O)C(CCN(C(C)C)C(C)C)C5=CC=CC=C5)C=C6[N+]1=C(C=C6)C7=CC=CS7)(F)F,-1.243
P08912,CC1C(OCC(O1)C[N+](C)(C)C)(C)C,-4.72
P08912,CN1CCC=C(C1)C2=NSN=C2SC,-3.322
P08912,CCN(CC)CC1CCCCN1CC(=O)N2C3=CC=CC=C3C(=O)NC4=CC=CC=C42,-3.48
P08912,C1CCC(CC1)C(CCCN2CCCCC2)(C3=CC=CC=C3)O,-1.919
P08912,C1C[N+]2(CCC1(CC2)C(C3=CC=CC=C3)(C4=CC=CC=C4)O)CCOCC5=CC=CC=C5,0.9
P08912,CN(C)CCC1=C(C2=CC=CC=C2C1)CC3=CC=CC=N3,-3.56
P08912,CCN(CC1=CC=CC(=C1)C)C(=O)C2CCN(CC2)S(=O)(=O)C3=CC4=C(C=C3)C=NN4,-2.94
P08912,CC1=CC(=C(C(=C1CC2=NCCN2)C)O)C(C)(C)C,-3.059
P08912,CCN1CCC(=C(C1)C(=O)OCCC2=CC=C(C=C2)OC)C3=CC=CC=C3.C(=O)(C(=O)O)O,-2.937
P08912,C1=CC=C(C=C1)C(CCN)OC2=CC=C(C=C2)C(F)(F)F,-3.342
P08912,CN(C)CCC=C1C2=CC=CC=C2COC3=CC=CC=C31,-1.415
P08912,CCN1CCC(=C(C1)C(=O)OCC2=CC3=C(C=C2)OCO3)C4=CC=CC=C4,-2.079
P08912,CN(C)CCC=C1C2=CC=CC=C2CSC3=CC=CC=C31,-1.964
P08912,C[N+]1(CCCC1C2CS(=O)C(O2)(C3CCCCC3)C4=CC=CC=C4)C,-1.122
P08912,CC(C1=CC=CC=N1)C2=C(CC3=CC=CC=C32)CCN(C)C,-3.43
P08912,CCCCN(CCCC)C1=CC=C(C=C1)C=CC2=CC=[N+](C=C2)CCC[N+](CC)(CC)CC.[Br-].[Br-],-1.919
P08912,CN1CCC(CC1)(C2=CC=CC=C2)C(=O)NCCC3=CC=C(C=C3)OC,-3.843
P08912,CCN(CC1=CC=CC=C1)C(=O)C2CCN(CC2)S(=O)(=O)C3=CC4=C(C=C3)OC=C4,-3.375
P08912,C1=CC2=C(C=C1OC(F)(F)F)C(=O)C(=O)N2CC3=CN=C(C=C3)Cl,-3.38
P08912,C[N+]1(CCN(CC1)CCCC(C2=CC=CC=C2)(C3=CC=CC=C3)O)CCCC(C4=CC=CC=C4)(C5=CC=CC=C5)O.[I-],-3.19
P08912,CC1=CC=C(O1)C2CCC[N+]2(C)C,-3.98
P08912,CC1CCCC(N1C)C=CC2C3CCCCC3CC4C2C(OC4=O)C,-3.397
P08912,C1CCC(CC1)CN2CCCC2,-3.43
P08912,CC1=CC=C(C=C1)C23C4=CC=CC=C4C(=O)N2CCN3C(=O)C5=CC(=C(C=C5)F)F,-3.417
P08912,CC1COCC(O1)C[N+](C)(C)C.[I-],-4.65
P08912,CC(C1=CC=CC=N1)C2=C(CC3=CC=CC=C32)CCN(C)C,-2.9
P08912,CCN1CC=C(C(C1)C(=O)OCCC2CCCCC2)C3=CC=CC=C3.C(=O)(C(=O)O)O,-2.202
P08912,CN1CCCC1C2CSC(O2)(C3CCCCC3)C4=CC=CC=C4,-0.13
P08912,CCN(CC1=CC=CC=C1)C(=O)C2CCN(CC2)S(=O)(=O)C3=CC4=NSN=C4C=C3,-3.474
P08912,CCOC(=O)C1=C(NC2=C1C3=C(C=C2)OC4C5=C(CCN4C3)C=CC(=C5)OC)C,-3.914
P08912,C[N+]1(CCCC1C2CSC(O2)(C3CCCCC3)C4=CC=CC=C4)C.[I-],-0.51
P08912,CC(C1=CC=CC=N1)N(C)C(=O)C2=NOC(=C2)CNC3=CC=CC(=C3)C(=O)C,-3.831
P08912,CCCCCC1=NOC(=N1)C2CN(CC=C2C3=CC=CC=C3)CC.C(=O)(C(=O)O)O,-3.317
P08912,CCN1CC=C(C(C1)C(=O)OCC(C2=CC=CC=C2)C3=CC=CC=C3)C4=CC=CC=C4.C(=O)(C(=O)O)O,-3.552
P08912,C1CN(CCN1CCC2=C(C=C3C(=C2)CC(=O)N3)Cl)C4=NSC5=CC=CC=C54,-3.204
P08912,CCN1CCC(=C(C1)C(=O)OCC)C2=CC=CC=C2,-3.124
P08912,C1=CC(=CC=C1CN2C3=C(C=C(C=C3)OC(F)(F)F)C(=O)C2=O)C4=CSC=C4,-3.447
P08912,CC(C1=CC=CC=N1)N(C)C(=O)C2=NOC(=C2)COC3=CC=CC(=C3)C(=O)C,-2.673
P08912,C[N+]1(CCC2=CC=CC=C2C1)CC#CCOC3=NOCC3.[I-],-3.753
P08912,C1CCN(CC1)CCCC(C2=CC=CC=C2)(C3=CC=CC=C3)O.Cl,-3.11
P08912,C1CN(C2(N1C(=O)C3=CC=CC=C32)C4=CC=C(C=C4)Cl)C(=O)C5=CC(=NC=C5)F,-3.767
P08912,CN1CCC=C(C1)C2=NSN=C2OCCCCCCCCCCCC3CCN(CC3)CCCN4C(=O)CCC5=CC=CC=C54,-0.94
P08912,COC1=C(C=C(C=C1)C23C4=CC=CC=C4C(=O)N2CCN3C(=O)C5=CC(=C(C=C5)F)F)F,-3.519
P08912,CCCCCOC(=O)C1CN(CC=C1C2=CC=CC=C2)CC.C(=O)(C(=O)O)O,-2.573
P08912,CCCN(CCC)CC1CCCCN1CCNC(=O)N2C3=CC=CC=C3C(=O)NC4=C2N=CC=C4,-2.73
P08912,C[N+](C)(C)CC1COCC(O1)C(C2=CC=CC=C2)C3=CC=CC=C3,-4.5
P08912,CN1CCC(CC1)(CNC(=O)NCCC2=CC=C(C=C2)OC)C3=CC=CC=C3,-3.633
P08912,CNC1CCC(C2=CC=CC=C12)C3=CC(=C(C=C3)Cl)Cl,-2.639
P08912,CCCCCCCCOC(=O)C1=C(CCN(C1)CC)C2=CC=CC=C2.C(=O)(C(=O)O)O,-1.763
P08912,C1CCN(CC1)CC#CCOC2=NOCC2.C(=O)(C(=O)O)O,-3.711
P08912,CN1CCCC1C2=CC=C(O2)C(C3CCCCC3)(C4=CC=CC=C4)O,-0.52
P08912,CN(C)CCC=C1C2=CC=CC=C2CSC3=CC=CC=C31,-1.964
P08912,CC1CCCC(N1C)C=CC2C3CCCCC3CC4C2C(OC4=O)C,-2.69
P08912,CN1C2CCC1CC(C2)OC(=O)C(CO)C3=CC=CC=C3,0.301
P08912,CCN1CCC(=C(C1)C(=O)OCCCC2=CC=CC=C2)C3=CC=CC=C3.Cl,-2.681
P08912,C[N+]1(CCC(CC1)OC(=O)C(C2=CC=CC=C2)C3=CC=CC=C3)C,-0.02
P08912,C[N+](C)(C)CC1CS(=O)C(O1)(C2CCCCC2)C3=CC=CC=C3,-2.15
P08912,CCN1CCC(=C(C1)C(=O)OCC(C2=CC=CC=C2)C3=CC=CC=C3)C4=CC=CC=C4,-3.493
P08912,C1=CC=C(C=C1)C(C2=CC=CC=C2)(C(=O)O)O,1.268
P08912,CCN(CC1=CC=CC=C1)C(=O)C2CCN(CC2)S(=O)(=O)C3=CC4=C(C=C3)OCO4,-3.87
P08912,C1=CC=C2C(=C1)C(=O)C(=O)N2CC3=CC=C(C=C3)C(F)(F)F,-3.504
P08912,CCCN(CC1=CC=CC=C1C(F)(F)F)C(=O)C2CCN(CC2)S(=O)(=O)C3=CC4=C(C=C3)NN=C4,-2.197
P08912,C[N+](C)(C)CC1CS(=O)C(O1)(C2CCCCC2)C3=CC=CC=C3.[I-],-2.15
P08912,CCC1=C(C2=C(N1C)C=CC3=C2CN4CCC5=C(C4O3)C=CC(=C5)OC)C(=O)OCC,-3.49
P08912,CC1=CC(=NO1)OCC#CC[N+](C)(C)C.[I-],-3.8
P08912,CC1=NC=CN1CC#CCOC2=NOCC2,-0.79
P08912,C[N+]1(CCCC1C2=CC=C(O2)C(C3CCCCC3)(C4=CC=CC=C4)O)C,-0.19
P08912,CN(C)CCC1=C(C2=CC=CC=C2C1)CC3=CN=CC=C3,-3.9
P08912,CN1C=C(C=N1)C2=CC(=C(C=C2)CN3C4=CC=CC=C4C(=O)C3=O)F,-2.778
P08912,CN1CCC=C(C1)C2=NSN=C2OCCCC3CCN(CC3)CCCN4C(=O)CCC5=CC=CC=C54,-2.009
P08912,CN1CCN(CC1)C2=NC3=CC=CC=C3OC4=C2C=C(C=C4)Cl,-2.382
P08912,CN1CCC(=C(C1)C(=O)OCCC2=CC=C(C=C2)SC)C3=CC=CC=C3,-2.279
P08912,CN1C2CCC1CC(C2)OC(=O)C(CO)C3=CC=CC=C3,0.469
P08912,CCCCC1=C(C2=C(N1)C=CC3=C2CN4CCC5=C(C4O3)C=CC(=C5)SC)C(=O)OCC,-3.17
P08912,CC1=CC=CC(=C1N)C(=O)N2CCC(CC2)N3CCC(CC3)CC4=CC=C(C=C4)S(=O)(=O)C5=CC(=CC=C5)Cl,-1.929
P08912,C[N+](C)(C)CCCCCC[N+](C)(C)CC#CCOC1=NOCC1.[Br-].[Br-],-3.6
P08912,CN1CCCCC1CCN2C3=CC=CC=C3SC4=C2C=C(C=C4)SC,-1.114
P08912,CN(C)CCCN1C2=CC=CC=C2SC3=CC=CC=C31,-1.74
P08912,CCCCCCCOC(=O)C1=C(CCN(C1)CC)C2=CC=CC=C2,-2.288
P08912,CCN1CCC(=C(C1)C(=O)OCCCC2CCCCC2)C3=CC=CC=C3,-3.101
P08912,CCN1CCC(=C(C1)C(=O)OCC2CCCCC2)C3=CC=CC=C3,-2.061
P08912,CN(C)CCNC(=O)C1=CC(=CC2=CC=CC=N2)C3=CC=CC=C31,-4.74
P08912,CCN1CCN(CC1)C2=C(C=C(C=C2)NC(=O)C3=C(C=CC(=C3)C(F)(F)F)C(F)(F)F)Cl,-3.613
P08912,CNCCC(C1=CC=CC=C1)OC2=CC=C(C=C2)C(F)(F)F,-3.307
P08912,CN1CCC(=C(C1)C(=O)OCCC2=CC3=C(C=C2)OCC3)C4=CC=CC=C4,-1.778
P08912,CCN1CC=C(C(C1)C(=O)OCC)C2=CC=CC=C2.C(=O)(C(=O)O)O,-3.62
P08912,CN1CCC(=C(C1)C(=O)OCCC2=CC=CC3=CC=CC=C32)C4=CC=CC=C4,-3.702
P08912,CC1=CC=C(O1)C2CCC[N+]2(C)C.[I-],-3.56
P08912,CCCCN1CCC(CC1)COC(=O)C2=CC(=C(C=C2)N)OC,-3.608
P08912,CN1CCCC1C2=CC=C(O2)C(C3=CC=CC=C3)(C4=CC=CC=C4)O,-1.99
P08912,CC(C)N(CCC1=C(C2=CC=CC=C2C1)C(C)C3=CC=CC=N3)C(C)C,-3.71
P08912,C1=CC=C(C(=C1)CN2C3=C(C=C(C=C3)F)C(=O)C2=O)C(F)(F)F,-3.612
P08912,C1CCN(C1)CC#CCN2C(=O)CCO2,-2.708
P08912,CC(C)(C1=CC=CC=N1)C2=C(CC3=CC=CC=C32)CCN(C)C,-2.57
P08912,C[N+](C)(C)CC#CCOC(=O)NC1=CC(=CC=C1)Cl,-3.58
P08912,CC1=[N+](C=CN1C2=CC=C(C=C2)Br)CC#CCOC3=NOC=C3,-1.78
P08912,CN1CCC(=C(C1)C(=O)OCCCC2=CC3=C(C=C2)OCC3)C4=CC=CC=C4,-2.799
P08912,C[N+](C)(C)CC#CCN1CCCC1=O.[I-],-3.362
P08912,CN(CCCN1C2=CC=CC=C2CCC3=CC=CC=C31)CC(=O)C4=CC=C(C=C4)Cl,-2.663
P08912,CC1=C(C=CC(=C1)CCOC(=O)C2=C(CCN(C2)C)C3=CC=CC=C3)OC,-2.869
P08912,C1C2C3CC4C2C5C1C3C(C45)NCC67C8C9C6C1C9C8C71,-2.775
P08912,CN1CCC(CC1)(COC(=O)CCC2=CC=C(C=C2)OC)C3=CC=CC=C3,-2.58
P08912,C[N+](C)(C)CC1COCC(O1)(C2=CC=CC=C2)C3=CC=CC=C3,-0.23
P08912,CCC1=C(C2=C(N1CC3=CC=CC=C3)C=CC4=C2CN5CCC6=C(C5O4)C=CC(=C6)OC)C(=O)OCC,-2.68
P08912,C1CN2CCC1C(C2)OC(=O)C3=CC(=CC4=CC=NC=C4)C5=CC=CC=C53,-3.02
P08912,CCN1CCC(=C(C1)C(=O)OC2CCCCC2)C3=CC=CC=C3,-1.732
P08912,CC1C(OC(CO1)C[N+](C)(C)C)(C)C.[I-],-4.22
P08912,COC1=NOC2=C1CNCCC2,-3.672
P08912,CNC1CCC(C2=CC=CC=C12)C3=CC(=C(C=C3)Cl)Cl,-3.279
P08912,C1=CC(=CC=C1CN2C3=C(C=C(C=C3)OC(F)(F)F)C(=O)C2=O)OC4=NC=CS4,-3.447
P08912,CCCCOC(=O)C1CN(CC=C1C2=CC=CC=C2)CC.C(=O)(C(=O)O)O,-2.423
P08912,C[N+]1(CCC(C1)OC(=O)C(C2CCCC2)(C3=CC=CC=C3)O)C.[Br-],0.7
P08912,C1CN(C2(N1C(=O)C3=CC=CC=C32)C4=CC5=C(C=C4)OCO5)C(=O)C6=CC(=C(C=C6)F)F,-3.114
P08912,CN1CCCC1C2CS(=O)C(O2)(C3=CC=CC=C3)C4=CC=CC=C4,-2.54
P08912,CCOC(=O)C1=C(NC2=C1C3=C(C=C2)OC4C5=C(CCN4C3)C=C(C=C5)OC6=CC=CC=C6)C,-3.308
P08912,CC1C(OC(CO1)C[N+](C)(C)C)(C)C,-4.22
P08912,CC1C(OC(CO1)C[N+](C)(C)C)C,-4.99
P08912,CN1CCN(CC1)C(C2=CC=CC=C2)C3=CC=CC=C3,-2.736
P08912,COC1=C(C=CC(=C1)C23C4=CC=CC=C4C(=O)N2CCN3C(=O)C5=CC(=C(C(=C5)F)F)F)F,-2.845
P08912,C1CCC(CC1)CN2CCCC(C2)CNC(=O)CNC(=O)C3CCCN3C(=O)CC(C4=CC=CC=C4)(C5=CC=CC=C5)C6=CC=CC=C6,-3.301
P08912,CN1CCC=C(C1)C2=NSN=C2OCCCCCCCCCCCCOC3=NSN=C3OC,-2.2
P08912,COC1=C(C=C2C(=C1)C34CCN5C3CC6C7C4N2C(=O)CC7OCC=C6C5)OC,-6.1
P08912,CC1=CC2=C(C=C1)C(=C(C2)CCN(C)C)C(C)C3=CC=CC=N3,-3.16
P08912,C[N+]1(CCN(CC1)CC(C2CCCCC2)(C3=CC=CC=C3)O)C,-0.584
P08912,CC1OC(CS1=O)C2CCC[N+]2(C)C.[I-],-4.76
P08912,CN1CCC=C(C1)C2=NSN=C2OCCCCCCCCCOC3=NSN=C3C4=CCCN(C4)C,-0.601
P08912,CCCCCCCCCCOC(=O)C1=C(CCN(C1)CC)C2=CC=CC=C2,-2.373
P08912,C[N+]1(CCCCC1)CCCC(C2=CC=CC=C2)(C3=CC=CC=C3)O.[I-],-2.85
P08912,CCCN(CCC)CC1CCCCN1CCNC(=O)N2C3=CC=CC=C3C(=O)NC4=C2N=CC=C4.CS(=O)(=O)O,-2.73
P08912,C1CC(N(C1)C(=O)C2CC(CN2C(=O)CC(C3=CC=C(C=C3)F)(C4=CC=C(C=C4)F)C5=CC=C(C=C5)F)O)C(=O)NCCC6CCNCC6,-3.23
P08912,COC1=CC=C(C=C1)OCCN2C3=C(C=C(C=C3)OC(F)(F)F)C(=O)C2=O,-2.77
P08912,CCOC(=O)C1=CNC2=C1C3=C(C=C2)OC4C5=CC(=C(C=C5CCN4C3)OC)OC,-4.675
P08912,CN(C)CC1COCC(O1)(C2=CC=CC=C2)C3=CC=CC=C3.C(=O)(C(=O)O)O,-1.91
P08912,C1CN(CCN1)C2=NC3=CC=CC=C3OC4=C2C=C(C=C4)Cl,-2.867
P08912,C1CC[NH+](CC1)CC#CCN2C(=O)CCO2,-2.736
P08912,CCC(C)N(CC1=CC=CC=C1C(F)(F)F)C(=O)C2CCN(CC2)S(=O)(=O)C3=CC4=C(C=C3)NN=C4,-2.178
P08912,CC1COC(CO1)C[N+](C)(C)C,-4.8
P08912,CCN(CC1=CC=CC=C1Cl)C(=O)C2CCN(CC2)S(=O)(=O)C3=CC4=C(C=C3)NN=C4,-2.542
P08912,CCC(=C(C1=CC=CC=C1)C2=CC=C(C=C2)OCCN(C)C)C3=CC=CC=C3,-3.347
P08912,C1CN(CCC1CCCCCO)CCCN2C(=O)CCC3=CC=CC=C32,-3.66
P08912,CCOC(=O)N1CC2CCC(C1)C2NCCNC(=O)C3=CC(=CC=C3)Cl,-3.623
P08912,CCN1CC=C(C(C1)C(=O)OCC2CCCCC2)C3=CC=CC=C3,-2.332
P08912,C1CCC(CC1)C(CCN2CCCCC2)(C3=CC=CC=C3)O.Cl,-1.013
P08912,C[N+]1(CCCC1C2CSC(O2)(C3CCCCC3)C4=CC=CC=C4)C.[I-],0.7
P08912,C1=CC(=CN=C1)C2=CC=C(C=C2)CN3C4=C(C=C(C=C4)OC(F)(F)F)C(=O)C3=O,-3.204
P08912,C[N+]1(CCCC1C2=CC=C(O2)C(C3CCCCC3)(C4=CC=CC=C4)O)C.[I-],-2.94
P08912,CCN1CCC(C(C1)C(=O)OCCC2=CC=CC=C2)C3=CC=CC=C3.C(=O)(C(=O)O)O,-1.986
P08912,C[N+]1(CCCC1C2=CC=C(O2)C(C3CCCCC3)(C4=CC=CC=C4)O)C.[I-],-0.19
P08912,C[N+]1(CCCC1C2=CC=CO2)C.[I-],-4.32
P08912,C1CN(C2(N1C(=O)C3=CC=CC=C32)C4=CC5=C(C=C4)OCO5)C(=O)C6=CC(=C(C(=C6)F)F)F,-3
P08912,CCN1CCC(=C(C1)C(=O)OCCC2=CC3=C(C=C2)OCC3)C4=CC=C(C=C4)F,-3.371
P08912,CC1=CC(=CC=C1)CCOC(=O)C2=C(CCN(C2)C)C3=CC=CC=C3,-2.447
P08912,C1CC[NH+](CC1)CC#CCOC2=NOCC2,-3.711
P08912,C[N+](C)(C)CC1COCC(O1)C2=CC=CC=C2.[I-],-4.01
P08912,C[N+](C)(C)CC1COCC(O1)C2=CC=CC=C2.[I-],-4.52
P08912,C1CC(N(C1)C(=O)C2CC(CN2C(=O)CC(C3=CC=C(C=C3)F)(C4=CC=C(C=C4)F)C5=CC=C(C=C5)F)O)C(=O)NCC6CCN(CC6)CC7CC7,-3.204
P08912,CCN1CCC(=C(C1)C(=O)OCCC2=CC=CC=C2)C3=CC=CC=C3.C(=O)(C(=O)O)O,-1.893
P08912,CC(CC1=CC2=C(C=C1)OCO2)NC,-3.802
P08912,C[N+]1(CCC(C1)OC(=O)C(C2CCCC2)(C3=CC=CC=C3)O)C,0.699
P08912,C1CC(C1)N(CC2=CC=CC=C2C(F)(F)F)C(=O)C3CCN(CC3)S(=O)(=O)C4=CC5=C(C=C4)NN=C5,-3.258
P08912,C1CCC(CC1)CNC2C3C4CC5C2C6C3CC4C56,-3.477
P08912,CCC(C)C(C(=O)NC(CC(=O)O)C(=O)O)NC(=O)C(CO)NC(=O)C(CC1=CN=CN1)NC(=O)C(CC2=CN=CN2)NC(=O)C(CC3=CC=CC=C3)NC(=O)C4CCCN4,-1.97
P08912,C[N+](C)(C)CCOC(=O)N,-4.276
P08912,C1=CC=C(C=C1)C(CCN)OC2=CC=C(C=C2)C(F)(F)F,-3.342
P08912,CC1C(OC(CO1)C[N+](C)(C)C)(C)C.[I-],-4.51
P08912,COC1=C(C=C(C=C1)CN2C3C4C5CC6C4C2(C7C6C5C73)O)OC,-3.619
P08912,C1CC(C1)CN(C2CCNC2)C(=O)C3=CC=CC=C3C(F)(F)F,-3.255
P08912,C1CCC(CC1)NC(=O)CN2CCNCC2,-4.851
P08912,C1CN2CCC1C(C2)CN3C4=CC=CC=C4SC5=CC=CC=C53,-1.041
P08912,CCN(CC1=CC(=CC=C1)C(F)(F)F)C(=O)C2CCN(CC2)S(=O)(=O)C3=CC4=C(C=C3)C=NN4,-3.744
P08912,COC1=C(C=C2C(=C1)C34CC[N+]5(C3CC6C7C4N2C(=O)CC7OCC=C6C5)[O-])OC,-6.7
P08912,COC1=CC=C(C=C1)CCN2C3C4C5CC6C4C2(C7C6C5C73)O,-3.23
P08912,CCN1CCC(=C(C1)C(=O)OCCCCCC2=CC=CC=C2)C3=CC=CC=C3,-2.674
P08912,CCOCC1C2C1(CNC2)C3=CC(=C(C=C3)Cl)Cl,-2
P08912,CC1COCC(O1)C[N+](C)(C)C,-4.888
P08912,CN(C)CCC=C1C2=CC=CC=C2CCC3=CC=CC=C31,-1.196
P08912,C1CCN(C1)CC#CCOC2=NOC(=C2)C3=CC=CC=C3.C(=CC(=O)O)C(=O)O,-3.838
P08912,CN(C)CCNC(=O)C1=CC(=CC2=CC=NC=C2)C3=CC=CC=C31,-4.73
P08912,C1=CC=C(C=C1)OCCN2C3=C(C=C(C=C3)OC(F)(F)F)C(=O)C2=O,-2.681
P08912,CCN1CC=C(C(C1)C(=O)OCCC2CCCCC2)C3=CC=CC=C3,-2.201
P08912,C1CN2CCC1C(C2)C3=NSN=C3OCC#CC4=CC=CC=C4,-1.185
P08912,CN(C)CCOC(C1=CC=CC=C1)C2=CC=CC=C2,-2.324
P08912,CN1CCC(=C(C1)C(=O)OCCC2=CC3=C(C=C2)OCC3)C4=CC(=CC=C4)OC,-3.428
P08912,CN(C)CC1COCC(O1)(C2=CC=CC=C2)C3=CC=CC=C3,-1.91
P08912,CCN1CC=C(C(C1)C(=O)OCCC2=CC=CC=C2)C3=CC=CC=C3,-2.52
P08912,C[N+](C)(C)CC1COCC(O1)C(C2=CC=CC=C2)C3=CC=CC=C3.[I-],-3.88
P08912,C1CC(N(C1)C(=O)C2CC(CN2C(=O)CC(C3=CC=C(C=C3)Cl)(C4=CC=C(C=C4)Cl)C5=CC=C(C=C5)Cl)O)C(=O)NCCC6CCNCC6,-2.978
P08912,CCN1CCC(=C(C1)C(=O)OCC2=CC=CC=C2)C3=CC=CC=C3.Cl,-2.436
P08912,C[N+]1(CCCC1C2CSC(O2)(C3CCCCC3)C4=CC=CC=C4)C.[I-],0.11
P08912,C1=CC(=CC=C1OCCN2C3=C(C=C(C=C3)OC(F)(F)F)C(=O)C2=O)Br,-3.161
P08912,CCN(CC1=CC=CC=C1Cl)C(=O)C2CCN(CC2)S(=O)(=O)C3=CC4=C(C=C3)C=NN4,-2.808
P08912,C[N+](C)(CCCC(C1=CC=CC=C1)(C2=CC=CC=C2)O)CC[N+](C)(C)CCCC(C3=CC=CC=C3)(C4=CC=CC=C4)O.[I-].[I-],-4.26
P08912,CN(C)CCCN1C2=CC=CC=C2CCC3=C1C=C(C=C3)Cl,-1.658
P08912,C1CN(C2(N1C(=O)C3=CC=CC=C32)C4=CC=CC=C4)C(=O)C5=CC=C(C=C5)F,-3.543
P08912,CC(C)OC1=CC=C(C=C1)C(=O)N2CCN3C2(C4=CC=CC=C4C3=O)C5=CC(=C(C=C5)OC)Cl,-3.519
P08912,C1C2C3CC4C2C5C1C3C(C45)NCCC6=CC=CC=C6,-3.301
P08912,CC(C)OC1=CC=C(C=C1)C(=O)N2CCN3C2(C4=CC=CC=C4C3=O)C5=CC=C(C=C5)Cl,-2.899
P08912,C1CN2CCC1C(C2)OC(=O)C3=CC(=CC4=CN=CC=C4)C5=CC=CC=C53,-3.09
P08912,C1CNCCC1CNC(=O)C2=CC=CC=C2C3=C(C=CC(=C3)Cl)F,-3.7
P08912,CCC(C1=CC=CC=N1)C2=C(CC3=CC=CC=C32)CCN(C)C,-2.83
P08912,CCN1CC=C(C(C1)C(=O)OC2=CC=CC=C2)C3=CC=CC=C3,-4.492
P08912,C1CCC(CC1)[Si](CCCN2CCCCC2)(C3=CC=CC=C3)O,-1.799
P08912,CCCC(C1=CC=CC=N1)C2=C(CC3=CC=CC=C32)CCN(C)C,-2.48
P08912,COC1=CC=C(C=C1)CN2C3=C(C=CC=C3Cl)C(=O)C2=O,-3.598
P08912,CN(C)CCNC(=O)C1=C(C2=CC=CC=C2C1)CC3=CN=CC=C3,-4.82
P08912,CC1=C(C=C(C=C1)C2=CC=CC=C2C(=O)NCC3CCNCC3)Cl,-2.9
P08912,C[N+]1(CCCC1C2=CC=C(O2)C(C3CCCCC3)C4=CC=CC=C4)C,-1.19
P08912,C[N+]1(CCCC1)CC#CCOC2=NOC(=C2)C3=CC=CC=C3.[I-],-3.264
P08912,CN1CCN(CC1)C2=NC3=CSC=C3C(=CC#N)C4=CSC=C42,-2.82
P08912,CC(C1=CC=CC=N1)C2=C(CC3=C2C=CC(=C3)OC)CCN(C)C,-3.78
P08912,C1CCC(CC1)CN2CCCC(C2)CNC(=O)CCNC(=O)CCCNC(=O)CC(C3=CC=CC=C3)(C4=CC=CC=C4)C5=CC=CC=C5,-2.301
P08912,CCOC(=O)C1=C(NC2=C1C3=C(C=C2)OC4C5=C(CCN4C3)C=CC=C5Cl)C,-3.68
P08912,CCC1C(COC1=O)CC2=CN=CN2C,-4.005
P08912,C1=CC(=CC=C1C(F)(F)F)OCCN2C3=C(C=C(C=C3)OC(F)(F)F)C(=O)C2=O,-2.556
P08912,CCCCC1=C(C2=CC=CC=C2O1)C(=O)C3=CC(=C(C(=C3)I)OCCN(CC)CC)I,-3.11
P08912,CN1CCC(=C(C1)C(=O)OCCC2=CC(=CC=C2)F)C3=CC=CC=C3,-1.903
P08912,CCOC(=O)C1=C(NC2=C1C3=C(C=C2)OC4C5=CC(=C(C=C5CCN4C3)OC)OC)C,-4.426
P08912,COC1=CC=CC(=C1)C=NN=CC2=CC(=CC=C2)OC,-3.477
P08912,CC1=CC=CC=C1CN2C3=C(C=C(C=C3)OC(F)(F)F)C(=O)C2=O,-3.516
P08912,COC1=C(C=C(C=C1)CC(=O)NC2CCN(CC2)CCCN3C(=O)CCC4=CC(=C(C=C43)F)F)OC,-3.079
P08912,C[N+](C)(C)CC#CCOC1=NOCC1.[Br-],-2.08
P08912,CCN(CC1=CC=CC=C1)C(=O)C2CCN(CC2)S(=O)(=O)C3=CC=CC(=C3)OC,-3.491
P08912,CC1=C(C2=C(N1)C=CC3=C2CN4CCC5=C(C4O3)C=CC(=C5)OC)C(=O)OC(C)C,-3.676
P08912,CCCCCC1=C(C2=C(N1)C=CC3=C2CN4CCC5=C(C4O3)C=CC(=C5)OC)C(=O)OCC,-3.73
P08912,CC1COC(CO1)C[N+](C)(C)C.[I-],-4.97
P08912,CN1CCCC1C2=CC=C(O2)C(C3CCCCC3)(C4=CC=CC=C4)O,-2.67
P08912,CC1C(OC(CO1)C[N+](C)(C)C)C.[I-],-4.99
P08912,CN1CCCC1C2CSC(O2)(C3CCCCC3)C4=CC=CC=C4,-0.3
P08912,CCCCCCOC(=O)C1CN(CCC1C2=CC=CC=C2)CC.C(=O)(C(=O)O)O,-2.347
P08912,CCN1CCC(=C(C1)C(=O)OC)C2=CC=CC=C2.C(=O)(C(=O)O)O,-2.99
P08912,C[N+](C)(C)CC1COCC(O1)(C2=CC=CC=C2)C3=CC=CC=C3.[I-],-2.03
P08912,CN1C2CCC1CC(C2)OC(C3=CC=CC=C3)C4=CC=CC=C4,-0.447
P08912,CCOC(=O)C1CN2CC(C1=O)CCC2COCC3=CC=CC=C3,-3.25
P08912,CN(CCCC(C1=CC=CC=C1)(C2=CC=CC=C2)O)CCCN(C)CCCC(C3=CC=CC=C3)(C4=CC=CC=C4)O.Cl.Cl,-2.92
P08912,C1=CC=C(C=C1)C2=CC(=C(C=C2)CN3C4=C(C=C(C=C4)OC(F)(F)F)C(=O)C3=O)F,-3.771
P08912,CN1CCC(=C(C1)C2=CC=CC=C2)C(=O)OCCC3=CC4=C(C=C3)OCC4,-3.057
P08912,CCN(CC)C1=CC=C(C=C1)C=CC2=CC=[N+](C=C2)CCC[N+](CC)(CC)CC.[Br-].[Br-],-2.358
P08912,CC1=CC=C(C=C1)C23C4=CC=CC=C4C(=O)N2CCN3C(=O)C5=CC(=CC(=C5)F)F,-3.366
P08912,CCN1CC=C(C(C1)C(=O)OCCC2=CC=C(C=C2)OC)C3=CC=CC=C3.C(=O)(C(=O)O)O,-2.699
P08912,CCC(C)C(C1=CC=CC=C1)C(=O)OCC[N+](C)(CC)CC.[Br-],-1.462
P08912,C1CN(C2(N1C(=O)C3=CC=CC=C32)C4=CC=C(C=C4)Cl)C(=O)C5=CC(=C(C=C5)F)F,-2.681
P08912,CC1=NC=CN1CC#CCN2C(=O)CCO2,0.292
P08912,CN1CCC2C(C1)C3=C4N2C5=CC=CC=C5CSC4=CC=C3,-2.9
P08912,CCN1CCC(C(C1)C(=O)OCCC2=CC=CC=C2)C3=CC=CC=C3,-3.63
P08912,CCCCC1CCN(CC1)CCCC(=O)C2=CC=CC=C2C,-3.653
P08912,CCN1CCC(=C(C1)C(=O)OCCC2CCCCC2)C3=CC=CC=C3,-1.748
P08912,CN1CCC(=C(C1)C(=O)OCCC2=CC=C(C=C2)S(=O)(=O)C)C3=CC=CC=C3,-2.041
P08912,CCCC1=C(C2=C(N1)C=CC3=C2CN4CCC5=C(C4O3)C=CC(=C5)SC)C(=O)OCC,-3.38
P08912,CCOC1=CC=C(C=C1)C23C4=CC=CC=C4C(=O)N2CCN3C(=O)C5=CC=C(C=C5)OC(C)C,-3.613
P08912,CC(CN1C2=CC=CC=C2SC3=C1C=C(C=C3)C#N)CN(C)C,-1.544
P08912,C1CCC(CC1)CN2CCCC(C2)CNC(=O)CCNC(=O)CCNC(=O)CC(C3=CC=CC=C3)(C4=CC=CC=C4)C5=CC=CC=C5,-1.477
P08912,CCN1CCC(C(C1)C(=O)OC2CCCCC2)C3=CC=CC=C3,-3.276
P08912,COC1=CC=CC=C1CN2CCC(CC2)C3CCN(CC3)C(=O)CCCCCCC(=O)N4CCC(CC4)C5CCN(CC5)CC6=CC=CC=C6OC,-2.262
P08912,C[N+](C)(C)CC1COCC(O1)C(C2=CC=CC=C2)C3=CC=CC=C3.[I-],-4.5
P08912,C[N+]1(CCCC1C2CSC(O2)(C3=CC=CC=C3)C4=CC=CC=C4)C.[I-],-0.54
P08912,CCN1CC=C(C(C1)C(=O)OCCCC2CCCCC2)C3=CC=CC=C3.C(=O)(C(=O)O)O,-4.04
P08912,CCCCCCOC(=O)C1=C(CCN(C1)CC)C2=CC=CC=C2,-2.143
P08912,C1=CC=C(C=C1)C2=NC=C(C=C2)CN3C4=C(C=C(C=C4)OC(F)(F)F)C(=O)C3=O,-3.58
P08912,CCN1CC=C(C(C1)C(=O)OCC(C)C)C2=CC=CC=C2.C(=O)(C(=O)O)O,-2.747
P08912,CC1CCCC(N1C)C=CC2C3CCCCC3CC4C2C(OC4=O)C,-3.007
P08912,CN1CCC=C(C1)C2=NSN=C2OCCCCCCCCCC3CCN(CC3)CCCN4C(=O)CCC5=CC=CC=C54,-0.474
P08912,CCN1CCC(C(C1)C(=O)OC2CCCCC2)C3=CC=CC=C3,-3.473
P08912,CN1CCC=C(C1)C2=NSN=C2OCCCCCC3CCN(CC3)CCCN4C(=O)CCC5=CC=CC=C54,-0.749
P08912,CC1CNCCC1CNC(=O)C2=C(C=CC=C2F)C3=CC(=CC=C3)Cl,-2.7
P08912,CCCC1=C(C2=C(N1C)C=CC3=C2CN4CCC5=C(C4O3)C=CC(=C5)SC)C(=O)OCC,-3.23
P08912,CN(C)CCC=C1C2=CC=CC=C2COC3=CC=CC=C31,-1.875
P08912,CCN(CC)CCCCC1CCN(CC1)CC(=O)N2C3=CC=CC=C3C(=O)NC4=C2N=CC=C4,-2.92
P08912,COC1=C(C=C(C=C1)C23C4=CC=CC=C4C(=O)N2CCN3C(=O)C5=CC(=C(C(=C5)F)F)F)Cl,-3.146
P08912,C1CCC(CC1)C(CC2CCCCN2)C3CCCCC3,-2.973
P08912,C[N+]1(CCCC1C2=CC=C(O2)C(C3=CC=CC=C3)C4=CC=CC=C4)C,-1.5
P08912,CCN(CC1=CC=CC=C1)C(=O)C2CCN(CC2)S(=O)(=O)C3=CC4=C(C=C3)C=NN4,-3.23
P08912,CCCCCCOC(=O)C1CN(CC=C1C2=CC=CC=C2)CC.C(C(C(=O)O)O)(C(=O)O)O,-2.223
P08912,CN1C2CC(CC1C3C2O3)OC(=O)C(CO)C4=CC=CC=C4,-0.316
P08912,CN1CCC=C(C1)C(=O)OCC#C,-2.97
P08912,C1CN(CCC1C(=O)N)CCCN2C3=CC=CC=C3SC4=C2C=C(C=C4)Cl,-3.432
P08912,CN1CCC=C(C1)C2=NSN=C2OCCOCCOCCOCCOC3=NSN=C3C4=CCCN(C4)C,-1.8
P08912,CN(C)CCNC(=O)C1=CC(=CC2=CN=CC=C2)C3=CC=CC=C31,-4.82
P08912,CCN(C(C)C1=CC=CC=C1)C(=O)C2CCN(CC2)S(=O)(=O)C3=CC=C(C=C3)OC,-2.988
P08912,CC(C)OC1=CC=C(C=C1)C(=O)N2CCN3C2(C4=CC=CC=C4C3=O)C5=CC(=C(C=C5)Cl)OC,-3.806
P08912,C[N+]1(CCCC1C2CS(=O)C(O2)(C3=CC=CC=C3)C4=CC=CC=C4)C,-2.697
P08912,C1CCC(CC1)C23C4=CC=CC=C4C(=O)N2CCN3C(=O)C5=CC(=C(C=C5)F)F,-3.326
P08912,CC1=CC=C(O1)C2CCCN2C,-4.6
P08912,COC1=C(C=CC(=C1)C23C4=CC=CC=C4C(=O)N2CCN3C(=O)C5=CC(=C(C(=C5)F)F)F)Cl,-3.204
P08912,CC1=C(C2=C(N1)C=CC3=C2CN4CCC5=C(C4O3)C=CC(=C5)OC)CC6=CC=CC=C6,-3.05
P08912,CCN(CC1=CC=CC=C1C(F)(F)F)C(=O)C2CCN(CC2)S(=O)(=O)C3=CC4=C(C=C3)C=NN4,-2.681
P08912,CN1CCN(CC1)CC(=O)N2C3=CC=CC=C3C(=O)NC4=C2N=CC=C4,-2.1
P08912,C1=CC2=C(C(=C1)Cl)N(C(=O)C2=O)CC3=CC=C(C=C3)C(F)(F)F,-3.323
P08912,CCN(CC)CC#CCOC(=O)C(C1CCCCC1)(C2=CC=CC=C2)O,-1.1
P08912,C1CN(C2(N1C(=O)C3=CC=CC=C32)C4=CC=CC=C4)C(=O)C5=CC(=CC(=C5)F)F,-3.58
P08912,C1C2C3C4C1C5C2C6C3C4C5(N6CC7=CC=CC=C7)O,-3.065
P08912,C1CC(N(C1)C(=O)C2CC(CN2C(=O)CC(C3=CC=C(C=C3)F)(C4=CC=C(C=C4)F)C5=CC=C(C=C5)F)O)C(=O)NCC6CCNCC6,-3.544
P08912,CCN(CC)C1=CC=C(C=C1)C=CC2=CC=[N+](C=C2)CCC[N+](CC)(CC)CC,-2.358
P08912,C[N+]1(CCCC1C2=CC=C(O2)C(C3CCCCC3)(C4=CC=CC=C4)O)C.[I-],-1.06
P08912,CCC1=C(N(N=C1C(=O)NN2CCCCC2)C3=C(C=C(C=C3)Cl)Cl)C4=CC=C(C=C4)Br,-3
P08912,C1CCN(CC1)CC#CCN2C(=O)CCO2.C(=O)(C(=O)O)O,-2.736
P08912,CN1CCC(C(C1)COC2=CC=C(C=C2)OC)C3=CC=CC=C3,-2.602
P08912,C1CNCC2=C1C=CC3=NSN=C23,-5
P08912,C1CN(C2(N1C(=O)C3=CC=CC=C32)C4=CC=C(C=C4)Cl)C(=O)C5=CC(=C(C=C5)F)F,-2.477
P08912,C1CC(NC1)C2=CC=CO2,-4.22
P08912,CC1CC2C3CCC4=CC(=O)C=CC4(C3(C(CC2(C1(C(=O)COP(=O)(O)O)O)C)O)F)C,-3.83
P08912,CN1CCC(=C2C3=C(C(=O)CC4=CC=CC=C42)SC=C3)CC1,-2.507
P08912,CCCCCCCOC(=O)C1=C(CCN(C1)CC)C2=CC=CC=C2.C(=O)(C(=O)O)O,-2.288
P08912,COC1=CC=C(C=C1)CN2C3C4C5CC6C4C2(C7C6C5C73)O,-3.764
P08912,CC1C(OCC(O1)C[N+](C)(C)C)(C)C,-4.92
P08912,C1CN(CCN1CCOCCO)C2=NC3=CC=CC=C3SC4=CC=CC=C42,-3.476
P08912,CN(CC1=CC=CC=C1)C2C3C4CC5C3C(=O)C6C5C4C62,-3.298
P08912,C1C[NH+]2CCC1C(C2)CN3C4=CC=CC=C4SC5=CC=CC=C53,-1.041
P08912,COC1=CC=C(C=C1)CN2C3=C(C=C(C=C3)OC(F)(F)F)C(=O)C2=O,-3.064
P08912,CCN1CC=C(C(C1)C(=O)OCC(C2=CC=CC=C2)C3=CC=CC=C3)C4=CC=CC=C4,-3.552
P08912,COC1=CC=C(C=C1)CN2C3=C(C=CC(=C3)OC(F)(F)F)C(=O)C2=O,-3.756
P08912,C[N+]1(CCCC1C2=CC=C(O2)C(C3CCCCC3)(C4=CC=CC=C4)O)C,-2.36
P08912,CC(C)(C)CC(C)(C)C1=CC=C(C=C1)OCCOCC[N+](C)(C)CC2=CC=CC=C2.[Cl-],-2.061
P08912,C1C2C3C4C1C5C2C6C3C4C5(N6CC7=CC8=C(C=C7)OCO8)O,-3.192
P08912,C1=CC(=CC=C1C(=N)N)OCCCCCOC2=CC=C(C=C2)C(=N)N,-3.394
P08912,CCN1CC=C(C(C1)C(=O)OCC2=CC=CC=C2)C3=CC=CC=C3.Cl,-1.628
P08912,CCN1CC=C(C(C1)C(=O)OC)C2=CC=CC=C2,-4.228
P08912,CCN(CC)CCOC1=CC=C(C=C1)C(=C(C2=CC=CC=C2)Cl)C3=CC=CC=C3,-3.182
P08912,CC(C)N1CCN(CC1)C2=CC=C(C=C2)OCC3COC(O3)(CN4C=NC=N4)C5=C(C=C(C=C5)Cl)Cl,-3.574
P08912,C1CN(C2(N1C(=O)C3=CC=CC=C32)C4=CC=C(C=C4)Cl)C(=O)C5=CC=C(C=C5)C(F)(F)F,-3.306
P08912,CC1=CC(=C(C=C1)O)C(CCN(C(C)C)C(C)C)C2=CC=CC=C2,-0.342
P08912,CCN(C)C(=O)C1=C(NC2=C1C3=C(C=C2)OC4C5=C(CCN4C3)C=C(C=C5)OC)C,-4.29
P08912,CN1CCC(C(C1)COC2=CC=C(C=C2)OC)C3=CC=CC=C3,-2.602
P08912,CC(C1=CC=CC=N1)C2=C(CC3=CC=CC=C32)CN(C)C,-1.94
P08912,C1=CC=C(C=C1)OC2=CC=C(C=C2)CN3C4=C(C=C(C=C4)OC(F)(F)F)C(=O)C3=O,-3.279
P08912,CN1CCC=C(C1)C2=NSN=C2OCCOCCOCCOCCOCCOC3=NSN=C3OC,-2
P08912,C1CN2CC3=CCOC4CC(=O)N5C6C4C3CC2C61C7=CC=CC=C75,-5.4
P08912,C[N+]1(CCCC1C2=CC=C(O2)C(C3CCCCC3)(C4=CC=CC=C4)O)C,-1.06
P08912,CN(C)CCN(C)C(=O)C1=CC(=CC2=CC=CC=N2)C3=CC=CC=C31,-4.72
P08912,CC(C1CCN(CC1)C2CCCCC2)C3=CC=C(C=C3)S(=O)C4=CC=C(C=C4)OC,-0.22
P08912,CC(C1=CC=CC=N1)C2=C(CC3=CC=CC=C32)CCN(C)C,-2.88
P08912,CN1CCC(=C2C3=CC=CC=C3C=CC4=CC=CC=C42)CC1,-0.893
P08912,C[N+](C)(C)CC1CSC(O1)(C2CCCCC2)C3=CC=CC=C3.[I-],-0.45
P08912,CN1CCC=C(C1)C2=NSN=C2OCCCCCCCCCCCCCC3CCN(CC3)CCCN4C(=O)CCC5=CC=CC=C54,-1.491
P08912,CCCCCCCCOC(=O)C1CN(CC=C1C2=CC=CC=C2)CC,-2.603
P08912,C1CN(C2(N1C(=O)C3=CC=CC=C32)C4=CC=CC=C4)C(=O)C5=CC(=CC(=C5)Cl)Cl,-3.76
P08912,CN1CCC(CC1)CC(=O)N2C3=CC=CC=C3C(=O)NC4=C2C(=CC=C4)Cl,-0.7
P08912,CC1C(CC(O1)C[N+](C)(C)C)O,-3.114
P08912,C1=CC(=CC=C1CN2C3=C(C=C(C=C3)F)C(=O)C2=O)C(F)(F)F,-3.853
P08912,COC1=CC=C(C=C1)CCN2CCC(CC2)NC3=NC4=CC=CC=C4N3CC5=CC=C(C=C5)F,-2.781
P08912,C[N+]1(CCCC1C2=CC=C(O2)C(C3CCCCC3)(C4=CC=CC=C4)O)C.[I-],-1.08
P08912,C[N+]1(CCCC1C2=CC=C(O2)C(C3=CC=CC=C3)C4=CC=CC=C4)C.[I-],-1.5
P08912,COC1=CC=CC(=C1)C23C4=CC=CC=C4C(=O)N2CCN3C(=O)C5=CC(=C(C=C5)F)F,-3.207
P08912,C1CC(NC1)C2=CC=CO2,-4.68
P08912,CCN(CC1=CC=CC=C1)C(=O)C2CCN(CC2)S(=O)(=O)C3=CC4=C(C=C3)NN=C4,-3.197
P08912,CC1(COCC(O1)C[N+](C)(C)C)C.[I-],-4.45
P08912,COC1=CC=C(C=C1)C23C4=CC=CC=C4C(=O)N2CCN3C(=O)C5=CC(=C(C=C5)F)F,-3.117
P08912,CC1=NC2=C(C=C1)OC(=N2)N3CCN4CCC3CC4,-3.716
P08912,C1CN(CCC1N2C3=CC=CC=C3NC2=O)CC4=CC5=C(C=C4Cl)OCO5,-3.281
P08912,C[N+]1(CCCC1)CC#CCOC2=NOC(=C2)C3=CC=CC=C3,-3.264
P08912,C[N+]1(CCCC1C2CS(=O)C(O2)(C3CCCCC3)C4=CC=CC=C4)C.[I-],-2.27
P08912,CCN1CCC(=C(C1)C(=O)OCC2=CC=CC=C2)C3=CC=CC=C3,-2.436
P08912,CCN(C(C)C1=CC=CC=C1)C(=O)C2CCN(CC2)S(=O)(=O)C3=CC4=C(CCC4)C=C3,-2.862
P08912,C[N+]1(CCN(CC1)CCCC(C2=CC=CC=C2)(C3=CC=CC=C3)O)C.[I-],-3.98
P08912,CN1CCC2CC(=O)C(C3C2C1CCC3)CC4=CC=CC=C4,-3.543
P08912,C1CN(C2(N1C(=O)C3=CC=CC=C32)C4=CC=C(C=C4)Cl)C(=O)C5=CC(=CC=C5)C(F)(F)F,-3.69
P08912,C1CNCC(C1C2=CC=C(C=C2)F)COC3=CC4=C(C=C3)OCO4,-2.813
P08912,CCN(CC1=CC(=CC=C1)F)C(=O)C2CCN(CC2)S(=O)(=O)C3=CC4=C(C=C3)C=NN4,-3.178
P08912,CN1CCCC1C2=CC=C(O2)C(C3CCCCC3)C4=CC=CC=C4,-1.74
P08912,COC1=CC=CC(=C1)CN2C3=C(C=CC(=C3C(=O)C2=O)Cl)Cl,-3.854
P08912,CCOC(=O)C1=C(NC2=C1C3=C(C=C2)OC4C5=C(CCN4C3)C=C(C=C5)Cl)C,-3.73
P08912,C1=CC=NC(=C1)OC2=CC=C(C=C2)CN3C4=C(C=C(C=C4)OC(F)(F)F)C(=O)C3=O,-3.505
P08912,CC(C)OC1=CC=C(C=C1)C(=O)N2CCN3C2(C4=CC=CC=C4C3=O)C5=CC(=C(C=C5)F)OC,-3.114
P08912,C[N+]1(CCCC1C2=CC=C(O2)C(C3CCCCC3)(C4=CC=CC=C4)O)C,-1.08
P08912,CCN(CC1=CC=CC=C1C)C(=O)C2CCN(CC2)S(=O)(=O)C3=CC4=C(C=C3)C=NN4,-2.94
P08912,CC1(C(OC(CO1)C[N+](C)(C)C)(C)C)C.[I-],-4.82
P08912,C1CC[NH+](C1)CC#CCOC2=NOC(=C2)C3=CC=CC=C3,-3.838
P08912,CCOC(=O)C1CN2CCCC(C2)C1=O,-2.991
P08912,CCN(CC1=CC=NC=C1)C(=O)C(CO)C2=CC=CC=C2,-1.884
P08912,CCOC1=CC2=C(C=C1)C3N(CC2)CC4=C(O3)C=CC5=C4C(=C(N5)C)C(=O)OCC,-3.936
P08912,CN1CCCC1C2CS(=O)C(O2)(C3=CC=CC=C3)C4=CC=CC=C4,-2.569
P08912,CCN1CC=C(C(C1)C(=O)OCC2=CC=CC=C2)C3=CC=CC=C3,-1.633
P08912,C[N+]1(CCC(CC1)OC(=O)C(C2=CC=CC=C2)C3=CC=CC=C3)C.[I-],0.362
P08912,C1=CC2=C(C(=C1)O)C(=CN2)C3=CN=C(N=C3N)Cl,-3.847
P08912,C[NH+]1CCC=C(C1)C2=NSN=C2OCCOCCOCCOCCOC3=NSN=C3OC.[Cl-],-5
P08912,CC1C(C(C(C(O1)OCC2C(C(C(C(O2)OC3=C(OC4=CC(=CC(=C4C3=O)O)O)C5=CC(=C(C=C5)O)O)O)O)O)O)O)O,-1.546
P08912,CCN(CC1=CC(=CC=C1)OC)C(=O)C2CCN(CC2)S(=O)(=O)C3=CC4=C(C=C3)C=NN4,-3.417
P08912,CCN1CCC(C(C1)C(=O)OCCC2=CC=CC=C2)C3=CC=CC=C3.C(=O)(C(=O)O)O,-3.63
P08912,CC1=[N+](C=CN1CC#CCOC2=NOCC2)C,-1.71
P08912,CCN(CC1=CC=CC=C1)C(=O)C2CCN(CC2)S(=O)(=O)C3=CC4=C(C=C3)OCCO4,-4
P08912,CNCCCN1C2=CC=CC=C2CCC3=CC=CC=C31,-2.155
P08912,CCOC(=O)N1CC2CCC(C1)C2NCCNC(=O)C3=CC=CC=C3,-3.447
P08912,CC1C(OC(CO1)C[N+](C)(C)C)C,-4.19
P08912,CC(=O)OCC[N+](C)(C)C.[Cl-],-2.898
P08912,CC1COCC(O1)C[N+](C)(C)C.[I-],-4.48
P08912,CN1CCC=C(C1)C2=NSN=C2OCCCCCCCCCCCCO.Cl,-2.1
P08912,CN1CCCCC1CCN2C3=CC=CC=C3SC4=C2C=C(C=C4)S(=O)C,-1.778
P08912,C1OC2=C(O1)C=C(C=C2)CN3C4=C(C=C(C=C4)OC(F)(F)F)C(=O)C3=O,-3.505
P08912,CC1OC(CS1)C2CCC[N+]2(C)C,-4.01
P08912,CCCCCCCCNC(C)C(C1=CC=C(C=C1)SC(C)C)O,-3.586
P08912,C1CC1CN(CC2=CC=CC=C2C(F)(F)F)C(=O)C3CCN(CC3)S(=O)(=O)C4=CC5=C(C=C4)NN=C5,-2.079
P08912,CCN1CC=C(C(C1)C(=O)OCCC2=CC=CC=C2)C3=CC=CC=C3.C(=O)(C(=O)O)O,-2.52
P08912,CC1=CC2=C(C=C1F)NC(=O)N2C3CCN(CC3)C4CCOCC4,-2.9
P08912,CC1=C(C2=C(N1)C=CC3=C2CN4CCC5=CC=CC=C5C4O3)C(=O)OC,-3.76
P08912,CC1=C(C=C(C=C1)C23C4=CC=CC=C4C(=O)N2CCN3C(=O)C5=CC(=C(C=C5)F)F)OC,-3.114
P08912,COC1=C(C=C2C(=C1)C34CC[N+]5(C3CC6C7C4N2C(=O)CC7OCC=C6C5)CCl)OC,-4.6
P08912,C1CN(CCC1C(=O)N(CCF)CC2=CC=CC=C2C(F)(F)F)S(=O)(=O)C3=CC4=C(C=C3)NN=C4,-3.107
P08912,C1CN(CCC1NC(=O)CC2=CC=CC=C2)CCCN3C(=O)COC4=CC=CC=C43,-3.949
P08912,C1CN(C2(N1C(=O)C3=CC=CC=C32)C4=CC=CC=C4)C(=O)C5=CC(=C(C=C5)F)F,-3.021
P08912,C[N+]1(CCCC1C2=CC=C(O2)C(C3=CC=CC=C3)(C4=CC=CC=C4)O)C.[I-],-1.57
P08912,CN(C)CCCN1C2=CC=CC=C2CCC3=CC=CC=C31,-1.919
P08912,CCN(CC1=CC(=CC=C1)Cl)C(=O)C2CCN(CC2)S(=O)(=O)C3=CC4=C(C=C3)C=NN4,-3.207
P08912,C[N+]1(CCCC1C2=CC=C(O2)C(C3=CC=CC=C3)(C4=CC=CC=C4)O)C,-1.57
P08912,C#CCOC1CN2CCC1CC2,-2.625
P08912,CN(C)CCN(CC1=CC=CS1)C2=CC=CC=N2,-3.448
P08912,C1CN(C2(N1C(=O)C3=CC=CC=C32)C4=CC=CC=C4)C(=O)C5=CC(=CC=C5)C(F)(F)F,-3.48
P08912,CCN1CC=C(C(C1)C(=O)OCCC2=CC=C(C=C2)C)C3=CC=CC=C3.C(=O)(C(=O)O)O,-2.279
P08912,COC1=NSN=C1OCCCOCCCOCCCOC2=NSN=C2C3=CN=CC=C3,-2
P08912,C1CCC(CC1)CN2CCCC(C2)CNC(=O)CCNC(=O)C3CCCN3C(=O)CC(C4=CC=CC=C4)(C5=CC=CC=C5)C6=CC=CC=C6,-1.763
P08912,CN(CCC1=CC(=CC=C1)F)C2C3C4CC5C3C(=O)C6C5C4C62,-3.628
P08912,C1CN(CCC1CCCCCCCCCC2CCN(CC2)CCCN3C(=O)CCC4=CC=CC=C43)CCCN5C(=O)CCC6=CC=CC=C65,-1.69
P08912,C[N+]1(CCCCC1)CC#CCOC2=NOCC2.[I-],-3.614
P08912,CCOC(=O)C1=C(NC2=C1C3=C(C=C2)OC4C5=C(CCN4C3)C=C(C=C5)OC)C,-3.732
P08912,CC[N+]1(CCCCC1)CCOC(=O)C(C2=CC=CC=C2)(C3=CC=CC=C3)O.[Br-],-1.964
P08912,CCN1C(=C(C2=C1C=CC3=C2CN4CCC5=C(C4O3)C=CC(=C5)OC)C(=O)OCC)C,-3.4
P08912,CC(C1=CC=CC=N1)C2=C(CC3=C2C=C(C=C3)Cl)CCN(C)C,-2.96
P08912,CC(C1=CC=CC=C1)C2=C(CC3=CC=CC=C32)CCN(C)C,-2.49
P08912,CN(C)CCOC(=O)C1=CC(=CC2=CC=CC=N2)C3=CC=CC=C31,-4.25
P08912,C1C2CC3CC1CC(C2)N3CC4=CC=CC=C4.Cl,-3.816
P08912,CN(C)CC1COCC(O1)(C2=CC=CC=C2)C3=CC=CC=C3.C(=O)(C(=O)O)O,-0.26
P08912,CN1CCC(=C(C1)C2=CC=CC=C2)C(=O)OCCC3=CC(=C(C=C3)OC)OC,-3.418
P08912,CN(C)CC1COCC(O1)(C2=CC=CC=C2)C3=CC=CC=C3,-0.73
P08912,C[N+]1(CCCC1C2=CC=CO2)C.[I-],-4.37
P08912,C[N+](C)(C)CC1COCC(O1)(C2=CC=CC=C2)C3=CC=CC=C3.[I-],-0.64
P08912,CN(C)C1=CC=C(C=C1)C(=C2C=CC(=[N+](C)C)C=C2)C3=CC=C(C=C3)N(C)C.[Cl-],-2.662
P08912,CCN(CC1=CC=CC=C1OC)C(=O)C2CCN(CC2)S(=O)(=O)C3=CC4=C(C=C3)C=NN4,-2.878
P08912,C[N+]1(CCCC1C2CS(=O)C(O2)(C3CCCCC3)C4=CC=CC=C4)C,-2.27
P08912,C1=CC=C2C(=C1)C(=O)C(=O)N2CC3=CC=C(C=C3)Br,-3.613
P08912,CC(C1=CC=CC=N1)C2=C(CC3=C2C=C(C=C3)OC)CCN(C)C,-3.95
P08912,CC(=O)OCCCCCCCCCCCCOC1=NSN=C1C2=CCCN(C2)C.Cl,-2.8
P08912,CC1=CC=C(O1)C2CCCN2C,-4.5
P08912,CCN1CCC(=C(C1)C(=O)OCCCC2=CC=C(C=C2)OC)C3=CC=CC=C3,-2.672
P08912,CN(C)CCNC(=O)C1=C(C2=CC=CC=C2C1)CC3=CC=NC=C3,-4.62
P08912,CCOC(=O)C1=C(NC2=C1C3=C(C=C2)OC4C5=C(CCN4C3)C=CC=C5C)C,-3.238
P08912,CN1CCC(=C(C1)C(=O)OCCC2=CC3=C(C=C2)OCC3)C4=CC=CC=C4OC,-3.382
P08912,CN1CCC(=C(C1)C(=O)OCCC2=CC(=C(C=C2)OC)OC)C3=CC(=CC=C3)F,-3.524
P08912,CCN1CCC(CC1)CNC(=O)C2CCCN2C(=O)C3CC(CN3C(=O)CC(C4=CC=C(C=C4)F)(C5=CC=C(C=C5)F)C6=CC=C(C=C6)F)O,-3.447
P08912,CC1=CC2=C(NC3=CC=CC=C3N=C2S1)N4CCN(CC4)C,-0.954
P08912,COC1=C(C=C2C(=C1)C34CC[N+]5(C3CC6C7C4N2C(=O)CC7OCC=C6C5)CC8=CC=CC=C8)OC,-5.3
P08912,C[N+]1(CCCC1C2=CC=C(O2)C(C3CCCCC3)C4=CC=CC=C4)C.[I-],-1.19
P08912,CCCOC(=O)C1=C(CCN(C1)CC)C2=CC=CC=C2.C(=O)(C(=O)O)O,-2.78
P08912,COC1=CC=CC(=C1)C#CCON=C2CN3CCC2C3,-3.777
P08912,CCOC(=O)N1CCC(CC1)N2CCC(CC2)N3C4=CC=CC=C4NC3=O,-1.535
P08912,C1=CC(=CC(=C1)F)C=NN=CC2=CC(=CC=C2)F,-3.415
P08912,CC(C)OC1=CC=C(C=C1)C23C4=CC=CC=C4C(=O)N2CCN3C(=O)C5=CC(=C(C(=C5)F)F)F,-3.38
P08912,CN1CC2C(C1)C3=C(C=CC(=C3)Cl)OC4=CC=CC=C24,-2.435
P08912,CC(C)OC1=CC=C(C=C1)C(=O)N2CCN3C2(C4=CC=CC=C4C3=O)C5=CC=C(C=C5)OC(C)C,-3.279
P08912,CN1CCC=C(C1)C2=NSN=C2OCCOCCOCCOCCO,-3.6
P08912,CCN(CC1=CC=CC=C1C(F)(F)F)C(=O)C2CCN(CC2)S(=O)(=O)C3=CC4=C(C=C3)NN=C4,-2.279
P08912,CCN1CCC(=C(C1)C(=O)OCCC2=CC=CC=N2)C3=CC=CC=C3,-2.881
P08912,CN1CCC(CC1)(COC(=O)NCCC2=CC(=C(C=C2)OC)OC)C3=CC=CC=C3,-3.733
P08912,COC1=CC=C(C=C1)CN2C3=C(C=C(C=C3)OC(F)(F)F)C(C2=O)(C4=CN=C(C=C4)F)O.C(=O)(C(F)(F)F)O,-3.34
P08912,CN1CCCC1C2CSC(O2)(C3=CC=CC=C3)C4=CC=CC=C4,-0.75
P08912,CC1COCC(O1)C[N+](C)(C)C.[I-],-3.89
P08912,CC1=CC=C(O1)C2CCCN2,-5.14
P08912,CCN1CCC(=C(C1)C(=O)OCCC2=CC=C(C=C2)C)C3=CC=CC=C3.C(=O)(C(=O)O)O,-1.394
P08912,CC1OCC(O1)C2CCC[N+]2(C)C,-4.72
P08912,CN1CCCC1C2CS(=O)C(O2)(C3CCCCC3)C4=CC=CC=C4,-2.755
P08912,C1CN(C2(N1C(=O)C3=CC=CC=C32)C4=CC=C(C=C4)Cl)C(=O)C5=CC(=CC(=C5)F)F,-3
P08912,CC1OC(CS1)C2CCC[N+]2(C)C,-4.03
P08912,C[N+](C)(CCCCCC[N+](C)(C)CC#CCOC1=NOCC1)CCCN2C(=O)C3=CC=CC=C3C2=O.[Br-].[Br-],-4.48
P08912,C1=CC(=CC=C1CN2C3=C(C=C(C=C3)OC(F)(F)F)C(=O)C2=O)C4=CN=C(C=C4)Cl,-3.681
P08912,CN1CCN(CC1)CCC=C2C3=CC=CC=C3SC4=C2C=C(C=C4)S(=O)(=O)N(C)C,-3.685
P08912,C1CN(C2(N1C(=O)C3=CC=CC=C32)C4=CC=C(C=C4)Cl)C(=O)C5=CC=C(C=C5)OC(F)(F)F,-3.366
P08912,C[N+]1(CCC(CC1)C2CC[N+](CC2)(C)CCCC(C3=CC=CC=C3)(C4=CC=CC=C4)O)C.[I-].[I-],-4.41
P08912,C1C2CC3CC1CC(C2)N3CC4=CC(=CC=C4)F,-3.739
P08912,CCN(CC1=CC=CC=C1)C(=O)C2CCN(CC2)S(=O)(=O)C3=CC=CC=C3,-3.791
P08912,CC(C1=CC=CC=N1)C2=C(CC3=C2C=C(C=C3)SC)CCN(C)C,-3.51
P08912,C1=CC=C(C(=C1)CN2C3=C(C=C(C=C3)OC(F)(F)F)C(=O)C2=O)Cl,-3.61
P08912,CC1OC(CS1)C2CCC[N+]2(C)C,-4.39
P08912,CCCCC1CCN(CC1)CCCN2C(=O)CCC3=CC=CC=C32,-3.73
P08912,CN(C)CCC1=C(C2=CC=CC=C2C1)C(C3=CC=CC=C3)C4=CC=CC=N4,-1.82
P08912,CC(=O)OC1C[NH+]2CCC1CC2,-3.5
P08912,CCN1CC=C(C(C1)C(=O)OCCC2=CC=C(C=C2)C)C3=CC=CC=C3,-2.279
P08912,CN1CCN(CC1)C2=C3C=CC=CC3=NC4=C(N2)C=C(C=C4)Cl,-1.049
P08912,CN1CCC(CC1)C2CCN(CC2)CCCC(C3=CC=CC=C3)(C4=CC=CC=C4)O.Cl.Cl,-3.46
P08912,CN(C)CC1COCC(O1)(C2=CC=CC=C2)C3=CC=CC=C3,-0.26
P08912,CCN1CCC(=C(C1)C(=O)OCCC2=CC=C(C=C2)[N+](=O)[O-])C3=CC=CC=C3,-2.643
P08912,CCCCCC1=NOC(=N1)C2CN(CC=C2C3=CC=CC=C3)CC,-3.317
P08912,C[N+](C)(C)CC#CCOC(=O)NC1=CC(=CC=C1)Cl.[Cl-],-3.58
P08912,CCN1CC=C(C(C1)C(=O)OCCC2=CC=C(C=C2)OC)C3=CC=CC=C3,-2.699
P08912,CC1=C(C2=C(N1)C=CC3=C2CN4CCC5=C(C4O3)C=CC(=C5)OC)C(=O)OCC6=CC=CC=C6,-3.05
P08912,CC(C)OC1=CC=C(C=C1)C(=O)N2CCN3C2(C4=CC=CC=C4C3=O)C5=CC(=C(C=C5)OC)F,-3.505
P08912,C[N+]1(CCCC1C2=CC=CO2)C,-4.08
P08912,CCN1CC=C(C(C1)C(=O)OCCCC2=CC=CC=C2)C3=CC=CC=C3,-2.408
P08912,CN1CCC=CC1C2=NSN=C2OCCOCCOCCOCCOC3=NC(=NS3)OC,-2.645
P08912,CCN1CCC(=C(C1)C(=O)OCC(C)C)C2=CC=CC=C2.C(=O)(C(=O)O)O,-2.61
P08912,C1CCC(C1)C23C4=CC=CC=C4C(=O)N2CCN3C(=O)C5=CC(=C(C=C5)F)F,-3.385
P08912,C1CCC(CC1)CN2CCCC(C2)CNC(=O)CCCNC(=O)CNC(=O)CC(C3=CC=CC=C3)(C4=CC=CC=C4)C5=CC=CC=C5,-3.041
P08912,CCN(CC1=CC=CC=C1F)C(=O)C2CCN(CC2)S(=O)(=O)C3=CC4=C(C=C3)C=NN4,-3.326
P08912,CN1CCC(CC1)(CNC(=O)CCC2=CC=C(C=C2)OC)C3=CC=CC=C3,-3.258
P08912,CCN(C(C)C1=CC=CC=C1)C(=O)C2CCN(CC2)S(=O)(=O)C3=CC4=C(C=C3)OCC4,-3.048
P08912,CC1=CC=C(O1)C[N+](C)(C)C,-3.84
P08912,CN1CCN(CC1)C2=NC3=C(CC4=CC=CC=C42)C=CC(=C3)F,-1.23
P08912,C[N+](C)(C)CC#CCN1CCCC1=O,-3.362
P08912,C1CCC2(C1)CC(=O)N(C(=O)C2)CCCCN3CCN(CC3)C4=NSC5=CC=CC=C54,-3.591
P08912,C1=CC(=CN=C1)C2=NC=C(C=C2)CN3C4=C(C=C(C=C4)OC(F)(F)F)C(=O)C3=O,-3.602
P08912,C1CCC(CC1)C(CCN2CCCC2)(C3=CC=CC=C3)O,-1.38
P08912,CC(CF)NCC(COC1=CC=CC2=C1C3=CC=CC=C3N2)O,-3.731
P08912,CCN1CC=C(C(C1)C(=O)OCC)C2=CC=CC=C2,-3.62
P08912,CC1=CC(=NO1)OCC#CC[N+]2(CCCC2)C,-3.876
P08912,C[N+]1(CCCC1C2CS(=O)C(O2)(C3CCCCC3)C4=CC=CC=C4)C.[I-],-1.122
P08912,CC1=CC=C(C=C1)OCCN2C3=C(C=C(C=C3)OC(F)(F)F)C(=O)C2=O,-2.716
P08912,C1=CC=C(C=C1)OCCCN2C3=C(C=C(C=C3)OC(F)(F)F)C(=O)C2=O,-3.294
P08912,CN1CCC(=C(C1)C(=O)OCCC2=CC3=C(C=C2)OCC3)C4=CC=CC=C4F,-2.869
P08912,C1CNCC=C1CNC(=O)C2=C(C=CC=C2F)C3=CC(=CC=C3)Cl,-3.2
P08912,COC1=CC=CC(=C1)C#CCON=C2CN3CCC2C3,-2.939
P08912,C[N+](C)(C)CC1COCC(O1)(C2=CC=CC=C2)C3=CC=CC=C3.[I-],-0.23
P08912,C[N+](C)(C)CC1COCC(O1)C2=CC=CC=C2,-4.01
P08912,COC1=CC=CC=C1CCN2C3C4C5CC6C4C2(C7C6C5C73)O,-2.966
P08912,C1CN(CCC1CCCCCCCO)CCCN2C(=O)CCC3=CC=CC=C32,-3.49
P08912,C[N+]1(CCCC1C2CSC(O2)(C3=CC=CC=C3)C4=CC=CC=C4)C.[I-],0.39
P08912,CN1CCC=C(C1)C(=O)OC,-4.748
P08912,CCN1CCC(=C(C1)C(=O)OCCCC2=CC=CC=C2)C3=CC=CC=C3,-2.68
P08912,CC1=CC2=C(N1)C=CC3=C2CN4CCC5=CC(=C(C=C5C4O3)OC)OC,-4.638
P08912,CC(C)N(C)CC1=C(C2=CC=CC=C2C1)C(C)C3=CC=CC=N3,-3.05
P08912,CCCCCCOC(=O)C1CN(CC=C1C2=CC=CC=C2)CC.C(=O)(C(=O)O)O,-2.706
P08912,CCCCCCCCOC(=O)C1CN(CC=C1C2=CC=CC=C2)CC.C(=O)(C(=O)O)O,-2.603
P08912,CC(C1=CC=CC=N1)C2=C(CC3=CC=CC=C32)CCN(C)CCF,-3.3
P08912,CCN(CC)CCCC(C)NC1=C2C=C(C=CC2=NC3=C1C=CC(=C3)Cl)OC,-3.507
P08912,C1CN(CCN1C2=CC=NC=C2)C(=O)CCNS(=O)(=O)C3=CC=CC4=NSN=C43,-3.4
P08912,CC1COCC(O1)C[N+](C)(C)C,-3.89
P08912,CC1=C(C=C(C=C1)C23C4=CC=CC=C4C(=O)N2CCN3C(=O)C5=CC(=C(C(=C5)F)F)F)OC,-2.954
P08912,CC1=C(N=C(N=C1NC2CC2)C3CC3)N4CCCCCC4,-1.8
P08912,CC1=C(C2=C(N1CC3=CC=C(C=C3)OC)C=CC4=C2CN5CCC6=C(C5O4)C=CC(=C6)OC)C(=O)OCC=C,-2.7
P08912,CN1CCCC1C2CS(=O)C(O2)(C3CCCCC3)C4=CC=CC=C4,-2.223
P08912,C=CCN(CC1=CC=CC=C1C(F)(F)F)C(=O)C2CCN(CC2)S(=O)(=O)C3=CC4=C(C=C3)NN=C4,-3.258
P08912,C[N+]1(CCCC1C2CS(=O)C(O2)(C3CCCCC3)C4=CC=CC=C4)C.[I-],-2.395
P08912,C[N+](C)(C)CC1COCC(O1)(C2=CC=CC=C2)C3=CC=CC=C3,-1.746
P08912,CC1=CC=C(C=C1)C(=O)N2CCN3C2(C4=CC=CC=C4C3=O)C5=CC=C(C=C5)Cl,-3.417
P08912,CCN1CC=C(C(C1)C(=O)OC2CCCCC2)C3=CC=CC=C3.C(=O)(C(=O)O)O,-1.799
P08912,CCOC(=O)C1=CNC2=C1C3=C(C=C2)OC4C5=C(CCN4C3)C=C(C=C5)OC,-3.778
P08912,C[N+](C)(C)CCOC(=O)N.[Cl-],-3.949
P08912,C1CN(CCC1N2CCC(CC2)N3C4=CC=CC=C4NC3=O)CCOC(=O)N,-1.535
P08912,CCOC(=O)C1=C(NC2=C1C3=C(C=C2)OC4C5=C(CCN4C3)C=C(C=C5)SC)C,-3.29
P08912,C1=CC2=C(C(=C1)F)N(C(=O)C2=O)CC3=CC=C(C=C3)C(F)(F)F,-3.513
P08912,CCOC(=O)N1CCC(CC1)NCCNC(=O)C2=CC=CS2,-4.946
P08912,C1CC(N(C1)C(=O)C2CC(CN2C(=O)CC(C3=CC=C(C=C3)Cl)(C4=CC=C(C=C4)Cl)C5=CC=C(C=C5)Cl)O)C(=O)NCC6CCNCC6,-3.398
P08912,C[N+]1(CCN(CC1)C[Si](C2CCCCC2)(C3=CC=CC=C3)O)C,-0.301
P08912,CC1OC(CS1)C[N+](C)(C)C,-4.12
P08912,C1=CC2=C(C(=C1)Cl)N(C(=O)C2=O)CC3=C(C=C(C=C3)Br)F,-3.668
P08912,CCN1CCN(CC1)C2=C(C=C(C=C2)NC(=O)C3=CC=CC=C3OC)Cl,-3.114
P08912,CN1CCN(CC1)C2=CC3=C(C=CC(=C3)Cl)C(=CC#N)C4=CC=CC=C42,-3.041
P08912,CC1(C(OC(CO1)C[N+](C)(C)C)(C)C)C,-4.82
P08912,CN1C=C(C=N1)C2=CC=C(C=C2)CN3C4=C(C=C(C=C4)OC(F)(F)F)C(=O)C3=O,-3.519
P08912,CN(C)CCOC(=O)C1=CC(=CC2=CN=CC=C2)C3=CC=CC=C31,-4.48
P08912,C[N+](C)(C)CC#CCOC(=O)NC1=CC=C(C=C1)Cl.[Cl-],-3.58
P08912,C[N+]1(CCCC1C2=CC=C(O2)C(C3CCCCC3)(C4=CC=CC=C4)O)C.[I-],-2.36
P08912,CCCCCCCCCCCCCCCC[N+]1=CC=CC=C1.[Br-],-0.936
P08912,CCN1CC=C(C(C1)C(=O)OCCCC2CCCCC2)C3=CC=CC=C3,-4.04
P08912,C1CCC(CC1)NC(=O)CN2CCN3CCCC3C2,-4.415
P08912,C1CCN(CC1)CCC(C2CC3CC2C=C3)(C4=CC=CC=C4)O,-0.799
P08912,C[N+]1(CCCC1C2CS(=O)C(O2)(C3CCCCC3)C4=CC=CC=C4)C.[I-],-2.076
P08912,CCN1CCC(=C(C1)C(=O)OCCC2=CC=C(C=C2)OC)C3=CC=CC=C3,-2.938
P08912,C1CN(C2(N1C(=O)C3=CC=CC=C32)C4=CC=C(C=C4)Cl)C(=O)C5=CC=C(C=C5)SC(F)(F)F,-3.479
P08912,CC1OCC(O1)C[N+](C)(C)C,-4.34
P08912,CC1=CC=C(O1)C2CCCN2C,-4.34
P08912,CCOC(=O)N1C2CCC1CC(C2)N3CCCC(C3)NC(=O)C4=CC=CC=C4C,-3.568
P08912,CCCC1=C(C2=C(N1)C=CC3=C2CN4CCC5=C(C4O3)C=CC(=C5)OC)C(=O)OCC,-3.35
P08912,CCCCCCCCCOC(=O)C1CN(CC=C1C2=CC=CC=C2)CC,-2.517
P08912,CN1CCCC1C2CSC(O2)(C3=CC=CC=C3)C4=CC=CC=C4,-0.51
P08912,CCCCOC(=O)C1CN(CC=C1C2=CC=CC=C2)CC,-2.423
P08912,CCN1CCC(=C(C1)C(=O)OCCC2=CC=CC=C2OC)C3=CC=CC=C3,-3.097
P08912,C1C2CC3CC1CC(C2)N3CC4=CC=CC=C4,-3.816
P08912,CN1CCN(CC1)CCCC(C2=CC=CC=C2)(C3=CC=CC=C3)O.Cl.Cl,-4.13
P08912,CC1CCCN1CCC2=CC3=C(O2)C=CC(=C3)C(=O)C4=CC=C(C=C4)[N+](=O)[O-],-2.526
P08912,CCC1COCC(O1)C[N+](C)(C)C,-4.42
P08912,CCN(CC)CCC1=C(C2=CC=CC=C2C1)C(C)C3=CC=CC=N3,-3.32
P08912,CCN1CC=C(C(C1)C(=O)OCC(C)C)C2=CC=CC=C2,-2.747
P08912,C1=CC=C(C=C1)C2=CN=C(C=C2)CN3C4=C(C=C(C=C4)OC(F)(F)F)C(=O)C3=O,-3.491
P08912,CC1=CC=C(O1)C2CCCN2,-4.28
P08912,C1CC(CNC1)CNC(=O)C2CCCN2C(=O)C3CC(CN3C(=O)CC(C4=CC=C(C=C4)Cl)(C5=CC=C(C=C5)Cl)C6=CC=C(C=C6)Cl)O,-3.431
P08912,CCN1CCC(=C(C1)C(=O)OCC2CCCCC2)C3=CC=CC=C3.C(=O)(C(=O)O)O,-2.062
P08912,CC1CNCCC1(CNC(=O)C2=C(C=CC=C2F)C3=CC(=CC=C3)Cl)F,-3.8
P08912,CCOC(=O)N1CCC(CC1)NCCNC(=O)C2=CC=CC=C2Cl,-4.678
P08912,CCCCCCOC1=NSN=C1C2=CCCN(C2)C,-2.146
P08912,COC1=C(C=CC(=C1)C23C4=CC=CC=C4C(=O)N2CCN3C(=O)C5=CC(=C(C=C5)F)F)F,-3.431
P08912,CCN1CCC(=C(C1)C(=O)OCC)C2=CC=CC=C2.C(=O)(C(=O)O)O,-3.124
P08912,CCCCCCCOC(=O)C1CN(CC=C1C2=CC=CC=C2)CC.C(=O)(C(=O)O)O,-2.73
P08912,COC1=CC=CC(=C1)CN2C3=C(C=C(C=C3)OC(F)(F)F)C(=O)C2=O,-3.23
P08912,CC1=CC=C(O1)C2CCC[N+]2(C)C,-3.618
P08912,CC1C(CC(O1)C[N+](C)(C)C)O.[Cl-],-3.114
P08912,CN1CCC(CC1)(C2=CC=CC=C2)C(=O)OCCC3=CC(=C(C=C3)OC)OC,-3.842
P08912,CC(C1=CC=CC=N1)C2=C(CC3=CC=CC=C32)CCCN(C)C,-3.51
P08912,CC1=C(C=CC=C1O)C(=O)NC(CSC2=CC=CC=C2)C(CN3CC4CCCCC4CC3C(=O)NC(C)(C)C)O,-4.869
P08912,CCCCCCCCOC(=O)C1=C(CCN(C1)CC)C2=CC=CC=C2,-1.763
P08912,CC(C1=CC=CC=C1)(C2=CC=C(C=C2)Cl)OCCC3CCCN3C,-0.857
P08912,CN1CCCC1C2CSC(O2)(C3CCCCC3)C4=CC=CC=C4,-0.3
P08912,CC(C)NC(=O)CN1CCNCC1,-4.799
P08912,C1=CC(=CC=C1OCCN2C3=C(C=C(C=C3)OC(F)(F)F)C(=O)C2=O)Cl,-2.652
P08912,CC1OC(CS1=O)C2CCC[N+]2(C)C.[I-],-4.53
P08912,CC1(COCC(O1)C[N+](C)(C)C)C,-4.45
P08912,CCCCCOC(=O)C1=C(CCN(C1)CC)C2=CC=CC=C2.C(=O)(C(=O)O)O,-2.534
P08912,COC1=CC=CC(=N1)OC2=CC=C(C=C2)CN3C4=C(C=C(C=C4)OC(F)(F)F)C(=O)C3=O,-3.342
P08912,CCN1CCN(CC1)C2=C(C=C(C=C2)NC(=O)C3=CC(=CC=C3)C)Cl,-3.544
P08912,CCN1CCC(=C(C1)C(=O)OCCC2=CC3=C(C=C2)OCO3)C4=CC=CC=C4,-2.447
P08912,CCCOC(=O)C1=C(NC2=C1C3=C(C=C2)OC4C5=C(CCN4C3)C=C(C=C5)OC)C,-3.581
P08912,CN1CCCC1C2=CC=CO2,-4.8
P08912,C1CN2CCC1CC2.C1=CC=C(C=C1)C(C2=CC=CC=C2)(C(=O)O)O,1.268
P08912,CN(CCCC(C1=CC=CC=C1)(C2=CC=CC=C2)O)CCN(C)CCCC(C3=CC=CC=C3)(C4=CC=CC=C4)O.Cl.Cl,-5.36
P08912,CC(=O)OCCOCCOCCOCCOC1=NSN=C1C2=CCC[NH+](C2)C.[Cl-],-3.1
P08912,COC1=CC=C(C=C1)CN2C3=C(C=C(C=C3)OC(F)(F)F)C(C2=O)(C[N+](=O)[O-])O,-3.143
P08912,C1=CC=C(C=C1)C2=CC=C(C=C2)CN3C4=C(C=CC(=C4)OC(F)(F)F)C(=O)C3=O,-3.431
P08912,CCN1CCC(=C(C1)C(=O)OC2CCCCC2)C3=CC=CC=C3.C(=O)(C(=O)O)O,-1.733
P08912,CC1=CC2=C(N1)C=CC3=C2CN4CCC5=C(C4O3)C=CC(=C5)OC,-4.255
P08912,CCN1CC=C(C(C1)C(=O)OCCCC2=CC=CC=C2)C3=CC=CC=C3.Cl,-2.408
P08912,C1CCC(C1)N2CCC(CC2)CNC(=O)C3CCCN3C(=O)C4CC(CN4C(=O)CC(C5=CC=C(C=C5)F)(C6=CC=C(C=C6)F)C7=CC=C(C=C7)F)O,-3.505
P08912,CCCCCCOC(=O)C1=C(CCN(C1)CC)C2=CC=CC=C2.C(=O)(C(=O)O)O,-2.143
P08912,COC1=CC=CC=C1CNCCCCCCN2CCC(CC2)CCC3CCN(CC3)CCCCCCNCC4=CC=CC=C4OC,-2.23
P08912,C1=CC(=CC=C1CN2C3=C(C=C(C=C3)OC(F)(F)F)C(=O)C2=O)C(F)(F)F,-3.267
P08912,CCN1CCC(=C(C1)C(=O)OCCCCCC2=CC=CC=C2)C3=CC=CC=C3.C(=O)(C(=O)O)O,-2.674
P08912,C1CN(CCC1N2C3=CC=CC=C3NC2=O)CCCOC4=CC=C(C=C4)F,-3.2
P08912,C1CN(CCN1CC=CC2=CC=CC=C2)C(C3=CC=CC=C3)C4=CC=CC=C4,-2.814
P08912,CCCCCC1=NOC(=N1)C2=C(CCN(C2)CC)C3=CC=CC=C3.C(=O)(C(=O)O)O,-3.167
P08912,CN1CCC=C(C1)C=NOC,-3.553
P08912,CC1=CC=CC=C1CN2CCC(CC2)N3CCC(CC3)N4C5=CC=CC=C5NC4=O,-3.69
P08912,CC1=NC=CN1CC#CCN2CCCC2=O,-1.71
P08912,COC1=CC=C(C=C1)CN2C3=C(C=C(C=C3)OC(F)(F)F)C(C2=O)(C4=CN=C(C=C4)F)O,-3.342
P08912,CCN1CCC(=C(C1)C(=O)OCCC2=CC=C(C=C2)Cl)C3=CC=CC=C3,-2.613
P08912,CN1CCC=C(C1)C2=NSN=C2OCCOCCOCCOC3=NSN=C3OC,-2.8
P08912,CCOC(=O)C1=C(N(C2=C1C3=C(C=C2)OC4C5=C(CCN4C3)C=C(C=C5)OC)C)C,-3.57
P08912,CC1=CC2=C(C=C1)NC(=O)N2C3CCN(CC3)C4CCOCC4,-3.1
P08912,CCN1CC=C(C(C1)C(=O)OC2=CC=CC=C2)C3=CC=CC=C3.C(=O)(C(=O)O)O,-4.492
P08912,CCN1CCC(C(C1)C(=O)OC2CCCCC2)C3=CC=CC=C3.C(=O)(C(=O)O)O,-3.473
P08912,CC1COCC(O1)C[N+](C)(C)C.[I-],-4.888
P08912,C1=CC(=CC=C1CSC(CN2C=CN=C2)C3=C(C=C(C=C3)Cl)Cl)Cl,-3.35
P08912,CC(C1=CC=CC=N1)N(C)C(=O)C2=NOC(=C2)COC3=CC=CC(=C3)C(=O)OC,-4.043
P08912,CN1CCN(CC1)C(=O)C2=CC(=CC3=CC=NC=C3)C4=CC=CC=C42,-4.74
P08912,CN1CCC(CC1)(C2=CC=CC=C2)C(=O)OCCC3=CC=C(C=C3)OC,-2.94
P08912,CCN1CCC(=C(C1)C(=O)OCCC2=CC=C(C=C2)C)C3=CC=CC=C3,-1.398
P08912,C1C2CC3CC1CC(C2)N3CC4=CC(=CC=C4)F.Cl,-3.739
P08912,C1CC(C1)CN(CC2=CC=CC=C2C(F)(F)F)C(=O)C3CCN(CC3)S(=O)(=O)C4=CC5=C(C=C4)NN=C5,-2.112
P08912,CCN1CCC(=C(C1)C(=O)OCCC2=CC(=CC=C2)OC)C3=CC=CC=C3,-2.176
P08912,C1CN(C2(N1C(=O)C3=CC=CC=C32)C4=CC=CC=C4)C(=O)C5=CC=C(C=C5)OC(F)(F)F,-3.65
P08912,C1CN(CCN1)C2=C3C=CC=CC3=NC4=C(N2)C=C(C=C4)Cl,-1.549
P08912,CN1CCN2C(C1)C3=CC=CC=C3CC4=CC=CC=C42,-2.439
P08912,CN1CCC(=C(C1)C(=O)OCCOC2=CC=C(C=C2)OC)C3=CC=CC=C3,-3.487
P08912,CC1=C(C=CC(=C1)C23C4=CC=CC=C4C(=O)N2CCN3C(=O)C5=CC(=C(C(=C5)F)F)F)OC,-2.709
P08912,COC1=CC=CC=C1CN2C3C4C5CC6C4C2(C7C6C5C73)O,-2.969
P08912,CCN1CC=C(C(C1)C(=O)OCCCCCC2=CC=CC=C2)C3=CC=CC=C3,-3.195
P08912,CCN1CCC(=C(C1)C(=O)OCC(C)C)C2=CC=CC=C2,-2.61
P08912,C1CN(CCC1CCCCCCCCCCCO)CCCN2C(=O)CCC3=CC=CC=C32,-2.54
P08912,CC1OC(CS1)C2CCC[N+]2(C)C,-4.37
P08912,CCN1CCC(=C(C1)C(=O)OCCCCC2=CC=CC=C2)C3=CC=CC=C3.C(=O)(C(=O)O)O,-2.925
P08912,C1CN(CCN1CC2=CC3=C(C=C2)NC(=O)CO3)C4=CC=C(C=C4)Cl,-3.061
P08912,CCN1CC=C(C(C1)C(=O)OC2CCCCC2)C3=CC=CC=C3,-1.799
P08912,C1CN(CCC1CCCCCCCCCO)CCCN2C(=O)CCC3=CC=CC=C32,-2.93
P08912,CCCOC(=O)C1=C(CCN(C1)CC)C2=CC=CC=C2,-2.78
P08912,CN1CCC2=C(C1)C3=C4N2C5=CC=CC=C5CCC4=CC=C3,-3.711
P08912,CC1=C(C=C(C=C1)C23C4=CC=CC=C4C(=O)N2CCN3C(=O)C5=CC=C(C=C5)OC(C)C)OC,-3.342
P08912,CC(C)(C)C1=CC=C(C=C1)C(=O)CCCN2CCC(CC2)OC(C3=CC=CC=C3)C4=CC=CC=C4,-2.463
P08912,CCCCCCCCC1=CC=C(C=C1)O,-4.422
P08912,CCCCN(CCCC)C1=CC=C(C=C1)C=CC2=CC=[N+](C=C2)CCC[N+](CC)(CC)CC,-1.919
P08912,C1CN(CC=C1N2C3=CC=CC=C3NC2=O)CCCC(=O)C4=CC=C(C=C4)F,-3.295
P08912,CCOC(=O)C1=C(NC2=C1C3=C(C=C2)OC4C5=CC=CC=C5CCN4C3)C,-3.622
P08912,COC1=NSC(=N1)OCCCOCCCOCCCOC2=NSN=C2C3=CN=CC=C3,-2.4
P08912,CCN1CC=C(C(C1)C(=O)OCCCCCC2=CC=CC=C2)C3=CC=CC=C3.C(=O)(C(=O)O)O,-3.195
P08912,CC1C(OC(CO1)C[N+](C)(C)C)C.[I-],-4.19
P08912,CN(C)CCC=C1C2=CC=CC=C2SC3=C1C=C(C=C3)Cl,-1.398
P08912,C1CC(C1)CN2CCC(CC2)CNC(=O)C3CCCN3C(=O)C4CC(CN4C(=O)CC(C5=CC=C(C=C5)F)(C6=CC=C(C=C6)F)C7=CC=C(C=C7)F)O,-3.491
P08912,C1C[N+]2(CCC1C(C2)OC(=O)C(C3=CC=CS3)(C4=CC=CS4)O)CCCOC5=CC=CC=C5,0.801
P08912,CCN1CCC(=C(C1)C(=O)OCCC2=CC=CC=C2)C3=CC=CC=C3,-1.892
P08912,CC1=C(C=CC(=C1)C23C4=CC=CC=C4C(=O)N2CCN3C(=O)C5=CC=C(C=C5)OC(C)C)OC,-3.114
P08912,C1CN(CCC1CCCO)CCCN2C(=O)CCC3=CC=CC=C32,-4.16
P08912,C1CN(CC1C(C2=CC=CC=C2)(C3=CC=CC=C3)C(=O)N)CCC4=CC5=C(C=C4)OCC5,-0.362
P08912,CC(CN1C2=CC=CC=C2SC3=CC=CC=C31)N(C)C,-0.597
P08912,CC1=C(C=CC(=C1)C23C4=CC=CC=C4C(=O)N2CCN3C(=O)C5=CC(=C(C=C5)F)F)OC,-3.079
P08912,C1=CC(=CC(=C1)Cl)C=NN=CC2=CC(=CC=C2)Cl,-3.881
P08912,COC1=C(C=CC(=C1)C23C4=CC=CC=C4C(=O)N2CCN3C(=O)C5=CC(=C(C=C5)F)F)Cl,-3.301
P08912,CCN(C(C)C1=CC=CC=C1)C(=O)C2CCN(CC2)S(=O)(=O)C3=CC4=C(C=C3)C=NN4,-2.88
P08912,C1CCC(CC1)[Si](CCCN2CCCCC2)(C3=CC=C(C=C3)F)O,-2.7
P08912,C[N+]1(CCCC1C2CS(=O)C(O2)(C3CCCCC3)C4=CC=CC=C4)C,-2.076
P08912,CC1OCC(O1)C[N+](C)(C)C.[I-],-4.34
P08912,CN(C)CCOC1=CC2=CC=CC=C2SC3=C1C=C(C=C3)Cl,-2.415
P08912,CCC(C)C1C(CCC2(O1)CC3CC(O2)CC=C(C(C(C=CC=C4COC5C4(C(C=C(C5O)C)C(=O)O3)O)C)OC6CC(C(C(O6)C)OC7CC(C(C(O7)C)O)OC)OC)C)C.CC1CCC2(CC3CC(O2)CC=C(C(C(C=CC=C4COC5C4(C(C=C(C5O)C)C(=O)O3)O)C)OC6CC(C(C(O6)C)OC7CC(C(C(O7)C)O)OC)OC)C)OC1C(C)C,-3.491
P08912,C[N+](C)(C)CC1COCCO1.[I-],-4.62
P08912,C1CN(CCN1)CCCC(C2=CC=CC=C2)(C3=CC=CC=C3)O.Cl.Cl,-3.15
P08912,C1=CC(=CC=C1CN2C3=C(C=C(C=C3)OC(F)(F)F)C(=O)C2=O)C4=CC=NC=C4,-3.447
P08912,CCN=C(NS(=O)(=O)C1=CC(=CC=C1)Cl)N2CC3(CCNCC3)C=N2,-4
P08912,CCN1CCN(CC1)C2=C(C=C(C=C2)NC(=O)C3=C(C(=C(C(=C3F)F)F)F)F)Cl,-2.919
P08912,CN1CCC(CC1)(CNC(=O)OCCC2=CC=C(C=C2)OC)C3=CC=CC=C3,-3.312
P08912,CC(C1=CC=CC=N1)C2=C(CC3=C2C=C(C=C3)F)CCN(C)C,-3.02
P08912,C1CN2CCC1C(C2)C3=NSN=C3OCC#CC4=CC(=CC=C4)C#CCOC5=NSN=C5C6CN7CCC6CC7,-0.79
P08912,C[N+]1(CCCC1C2CS(=O)C(O2)(C3=CC=CC=C3)C4=CC=CC=C4)C.[I-],-2.697
P08912,C=CCOC1=CC(=C(C=C1C2CC2CN)F)F.Cl,-3.452
P08912,CC(=O)OC1C[NH+]2CCC1CC2,-3.9
P08912,CC(C1=CC=CC=N1)C2=C(CC3=C2C=CC(=C3)Cl)CCN(C)C,-2.86
P08912,CCCCCCCOC(=O)C1CN(CC=C1C2=CC=CC=C2)CC,-2.73
P08912,C[N+]1(CCCC1C2=CC=CO2)C.[I-],-3.5
P08912,CCCCCC1=NOC(=N1)C2=C(CCN(C2)CC)C3=CC=CC=C3,-3.166
P08912,CCN(C(C)C1=CC=CC=N1)C(=O)C2=NOC(=C2)COC3=CC=CC(=C3)C(=O)C,-3.744
P08912,CCCCC1CCN(CC1)CCCN2C(=O)COC3=C2C=CC(=C3)F,-3
P08912,C1C[N+]2(CCC1C(C2)OC(=O)C(C3=CC=CS3)(C4=CC=CS4)O)CCCOC5=CC=CC=C5.[Br-],0.8
P08912,CN(CCC1=CC=CC=C1)C2C3C4CC5C3C(=O)C6C5C4C62,-3.383
P08912,CCCCOC(=O)C1=C(CCN(C1)CC)C2=CC=CC=C2,-2.407
P08912,CC1=CC=C(O1)C2CCC[N+]2(C)C.[I-],-3.67
P08912,CN1CCC=C(C1)C2=NSN=C2OCCCCCCCC3CCN(CC3)CCCN4C(=O)CCC5=CC=CC=C54,-0.361
P08912,CC1=C(C=CC(=C1)C23C4=CC=CC=C4C(=O)N2CCN3C(=O)C5=CC(=C(C(=C5)F)F)F)OC,-2.421
P08912,CCN(CC)CCCOC(=O)N1C2=CC=CC=C2SC3=CC=CC=C31,-2.079
P08912,CCC(C)C(C(=O)OCC1CCN2C1CCC2)O,-3.086
P08912,C1CCC(CC1)CN2CCCC(C2)CNC(=O)CCCCCNC(=O)CC(C3=CC=CC=C3)(C4=CC=CC=C4)C5=CC=CC=C5,-2.322
P08912,CN1CCC=C(C1)C2=NSN=C2OCCOCCOCCOCCOC3=NSN=C3OC,-2.6
P08912,CCOC1=CC=C(C=C1)C(=O)N2CCN3C2(C4=CC=CC=C4C3=O)C5=CC=C(C=C5)Cl,-2.93
P08912,COC1=CC=CC=C1CNCCCCCCNCCCCCCCCNCCCCCCNCC2=CC=CC=C2OC,-2.496
P08912,CN1CCC(CC1)CNC(=O)C2CCCN2C(=O)C3CC(CN3C(=O)CC(C4=CC=C(C=C4)F)(C5=CC=C(C=C5)F)C6=CC=C(C=C6)F)O,-3.204
P08912,CCOC(=O)C1=C(NC2=C1C3=C(C=C2)OC4C5=C(CCN4C3)C=C(C=C5)C)C,-3.589
P08912,C1=CC=C(C=C1)OC2=CC=C(C=C2)OCCN3C4=C(C=C(C=C4)OC(F)(F)F)C(=O)C3=O,-3.021
P08912,C1CC(=O)NC2=C1C=CC(=C2)OCCCCN3CCN(CC3)C4=C(C(=CC=C4)Cl)Cl,-3.367
P08912,C1CN2CCC1C(C2)C3=NSN=C3OCC#CC4=CC=C(C=C4)C#CCOC5=NSN=C5C6CN7CCC6CC7,-0.71
P08912,C[N+](C)(C)CC1COCC(O1)C2=CC=CC=C2,-4.52
P08912,CN1CCCC1C2=CC=C(O2)C(C3CCCCC3)(C4=CC=CC=C4)O,-1.44
P08912,CN(C)CCOC(=O)C1=C(C2=CC=CC=C2C1)CC3=CN=CC=C3,-4.05
P08912,C1CC2=C(C=CC(=C2)Cl)C(=C3CCNCC3)C4=C1C=CC=N4,-2.4
P08912,CCN(CC)CCOC(=O)C1(CCCCC1)C2CCCCC2,-0.311
P08912,C1=CC2=C(C=C1OC(F)(F)F)C(=O)C(=O)N2CC3=CN=C(C=C3)C4=CC=NC=C4,-3.643
P08912,CN(C)CCC1=C(C2=CC=CC=C2C1)CC3=CC=NC=C3,-4.01
P08912,CCCOC(=O)C1CN(CC=C1C2=CC=CC=C2)CC,-3.052
P08912,C1CCC(CC1)CN2C3CCC2CC3,-3.426
P08912,CCN1CCC(=C(C1)C(=O)OCCC2=CC=C(C=C2)F)C3=CC=CC=C3,-2.279
P08912,C1=CC=C(C=C1)C2=CC=C(C=C2)CN3C4=C(C=C(C=C4)OC(F)(F)F)C(=O)C3=O,-3.332
P08912,CC(=O)OCC[N+](C)(C)C,-2.799
P08912,CC1=CC=C(O1)C2CCCN2,-4.2
P08912,CCN1CCC(=C(C1)C(=O)OCCC2=CC=C(C=C2)Br)C3=CC=CC=C3,-2.568
P08912,C1CN(CCN1CC=CC2=CC=CC=C2)C(C3=CC=C(C=C3)F)C4=CC=C(C=C4)F,-2.978
P08912,C1CCC(CC1)CN2CCCC(C2)CNC(=O)C3CCCN3C(=O)C4CCCN4C(=O)CC(C5=CC=CC=C5)(C6=CC=CC=C6)C7=CC=CC=C7,-2.176
P08912,CN1CCC(CC1)(COC(=O)CCC2=CC(=C(C=C2)OC)OC)C3=CC=CC=C3,-3.33
P08912,C1CN2CCC1C(C2)OC(=O)N3CCC4=CC=CC=C4C3C5=CC=CC=C5,-1.8
P08912,CCN1CCC(=C(C1)C(=O)OCCCC2CCCCC2)C3=CC=CC=C3.C(=O)(C(=O)O)O,-3.101
P08912,CCN1CCN(CC1)C2=C(C=C(C=C2)NC(=O)C3=CC=CC=C3Cl)Cl,-3.362
P08912,CC(C1=CC=CC=N1)C2=C(CC3=CC=CC=C32)CCN4CCOCC4,-3.43
P08912,C[N+]1(CCCC1C2CS(=O)C(O2)(C3=CC=CC=C3)C4=CC=CC=C4)C.[I-],-1.783
P08912,CN1CCCC1C2CSC(O2)(C3CCCCC3)C4=CC=CC=C4,-0.08
P08912,C1CCC(CC1)CN2CCCC(C2)CNC(=O)CCNC(=O)CNC(=O)CC(C3=CC=CC=C3)(C4=CC=CC=C4)C5=CC=CC=C5,-1.568
P08912,C1CN(C2(N1C(=O)C3=CC=CC=C32)C4=CC=CC=C4)C(=O)C5=CC=C(C=C5)SC(F)(F)F,-3.14
P08912,C1CNCCC2=NC(=NC=C21)CC3=CC=CC=C3,-2.477
P08912,CCCCOC(=O)C1=C(NC2=C1C3=C(C=C2)OC4C5=C(CCN4C3)C=C(C=C5)OC)C,-3.4
P08912,CN1CCN(CC1)C(=O)C(CC2=CC=CC=C2)(C3=CC=CC=C3)F,-1.914
P08912,CC1C(OCC(O1)C[N+](C)(C)C)(C)C.[I-],-4.72
P08912,C1CC2CCC1N2CC34C5C6C3C7C6C5C47,-2.904
P08912,CN(C)CCCN1C2=CC=CC=C2SC3=C1C=C(C=C3)Cl,-1.623
P08912,CN1CCN(CC1)CCC=C2C3=CC=CC=C3SC4=C2C=C(C=C4)S(=O)(=O)N(C)C,-3.634
P08912,CC(C)N(C)CCC1=C(C2=CC=CC=C2C1)C(C)C3=CC=CC=N3,-3.34
P08912,C1CCC(C1)CN2CCC(CC2)CNC(=O)C3CCCN3C(=O)C4CC(CN4C(=O)CC(C5=CC=C(C=C5)F)(C6=CC=C(C=C6)F)C7=CC=C(C=C7)F)O,-2.973
P08912,C1=CC(=NC(=C1)F)OC2=CC=C(C=C2)CN3C4=C(C=C(C=C4)OC(F)(F)F)C(=O)C3=O,-3.176
P08912,CC(C)OC1=NOC2=C1CNCCC2,-2.041
P08912,CCN1CC=C(C(C1)C(=O)OCCCCC2=CC=CC=C2)C3=CC=CC=C3,-3.699
P08912,C1CC(NC1)C2=CC=CO2,-4.5
P08912,COC1=CC=C(C=C1)S(=O)C2=CC=C(C=C2)C(C#N)N3CCN(CC3)C4CCCCC4,-2.49
P08912,C1CN2CCC1C(C2)OC(=O)C3=CC(=CC4=CC=CC=N4)C5=CC=CC=C53,-2.99
P08912,CN1CCN(CC1)CCCN2C3=CC=CC=C3SC4=C2C=C(C=C4)Cl,-2.276
P08912,CN1CCCC1C2CS(=O)C(O2)(C3CCCCC3)C4=CC=CC=C4,-2.202
P08912,CC1OCC(O1)C2CCC[N+]2(C)C,-4.36
P08912,C[N+](C)(CCCC(C1=CC=CC=C1)(C2=CC=CC=C2)O)CCC[N+](C)(C)CCCC(C3=CC=CC=C3)(C4=CC=CC=C4)O.[I-].[I-],-3.88
P08912,CC1=[N+](C=CN1CC#CCN2C(=O)CCO2)C,-2.12
P08912,C#CCOC1=NOC2=C1CNCCC2,-2.978
P08912,CCN1CCC(=C(C1)C(=O)OCCC2=CC3=C(C=C2)OCC3)C4=CC=CC=C4,-2.362
P08912,CN1C2=C(C(=O)N(C1=O)C)NC(=N2)Cl.CN(C)CCOC(C1=CC=CC=C1)C2=CC=CC=C2,-2.434
P08912,C1CC(CNC1)CNC(=O)C2CCCN2C(=O)C3CC(CN3C(=O)CC(C4=CC=C(C=C4)F)(C5=CC=C(C=C5)F)C6=CC=C(C=C6)F)O,-3.23
P08912,CN1C2CC(CC1C3C2O3)OC(=O)C(CO)C4=CC=CC=C4,-1.255
P08912,CCCCCCC(=O)OCCN1CCN(CC1)CCCN2C3=CC=CC=C3SC4=C2C=C(C=C4)C(F)(F)F,-2.553
P08912,CC1COCC(O1)C[N+](C)(C)C.[I-],-3.89
P08912,C1CN(CCN1CCCC(C2=CC=CC=C2)(C3=CC=CC=C3)O)CCCC(C4=CC=CC=C4)(C5=CC=CC=C5)O.Cl.Cl,-4.37
P08912,COC1=CC=CC=C1C23C4=CC=CC=C4C(=O)N2CCN3C(=O)C5=CC(=C(C=C5)F)F,-3.745
P08912,CN(CCCC1=CC(=CC=C1)F)C2C3C4CC5C3C(=O)C6C5C4C62,-3.463
P08912,CC(CCCC(C[N+](C)(C)C)O)C1CCC2C1(CCC3C2CCC4C3(CCC(C4)O)C)C,-3.796
P08912,CCCCCOC(=O)C1=C(CCN(C1)CC)C2=CC=CC=C2,-2.534
P08912,CN1CCCC1C2CS(=O)C(O2)(C3CCCCC3)C4=CC=CC=C4,-2.439
P08912,C1CCC(CC1)C(C2=CC=CC=C2)(C3=NN(C=N3)CC4CCN(CC4)CCC5=CC=C(C=C5)CCNCC(C6=C7C=CC(=O)NC7=C(C=C6)O)O)O,-0.041
P08912,CC1=NC=CN1CC#CCOC2=NOC=C2,-2.032
P08912,CN1CCC(=C(C1)C(=O)OCCC2=CC=C(C=C2)OC)C3=CC=CC=C3,-1.477
P08912,CCCCCCCCCCOC(=O)C1CN(CC=C1C2=CC=CC=C2)CC,-3.047
P08912,CC1=NC2=CC=CC(=C2C=C1)C3=NN=C(N3C)SCCCN4CCC5=C(CC4)C=C(C=C5)C6=CC(=NN6C)C,-2.8
P08912,CCC(C1=CC=CC=N1)C2=C(CC3=C2C=CC(=C3)Cl)CCN(C)C,-2.89
P08912,C1CN(C2(N1C(=O)C3=CC=CC=C32)C4=CC=C(C=C4)F)C(=O)C5=CC=C(C=C5)SC(F)(F)F,-3.112
P08912,C1CNCC(C1C2=CC=C(C=C2)F)COC3=CC4=C(C=C3)OCO4,-2.09
P08912,CCCCC1=C(C2=C(N1)C=CC3=C2CN4CCC5=C(C4O3)C=CC(=C5)OC)C(=O)OCC,-4.05
P08912,CC1=C(C2=C(N1)C=CC3=C2CN4CCC5=C(C4O3)C=CC(=C5)OC)C(=O)OC,-3.612
P08912,CN(C)CCC1=CC(=CC2=CC=CC=N2)C3=CC=CC=C31,-4.28
P08912,C[N+]1(CCC2=CC=CC=C2C1)CC#CCOC3=NOCC3,-3.753
P08912,C1CN(C2(N1C(=O)C3=CC=CC=C32)C4=CC=C(C=C4)F)C(=O)C5=CC(=CC=C5)C(F)(F)F,-3.321
P08912,CNCCC=C1C2=CC=CC=C2CCC3=CC=CC=C31,-1.792
P08912,C1CCN(C1)CC#CCN2CCCC2=O,-3.605
P08912,CCN1CC=C(C(C1)C(=O)OCCCCC2=CC=CC=C2)C3=CC=CC=C3.C(=O)(C(=O)O)O,-3.699
P08912,CCCCCCOC(=O)C1CN(CCC1C2=CC=CC=C2)CC,-2.346
P08912,CN(C)CCN(C)C(=O)C1=CC(=CC2=CN=CC=C2)C3=CC=CC=C31,-4.73
P08912,CC1C(OCC(O1)C[N+](C)(C)C)(C)C.[I-],-4.92
P08912,CN1CCCC1C2=CC=CO2,-4.88
P08912,CCN1CCC(=C(C1)C(=O)OC2=CC=CC=C2)C3=CC=CC=C3.C(=O)(C(=O)O)O,-3.196
P08912,COC1=CC=C(C=C1)C(=O)N2CCN3C2(C4=CC=CC=C4C3=O)C5=CC=C(C=C5)Cl,-3.258
P08912,COC1=CC=CC=C1C2=CC=C(C=C2)CN3C4=C(C=C(C=C4)OC(F)(F)F)C(=O)C3=O,-3.591
P08912,CCN(C(C)C1=CC=CC=C1)C(=O)C2CCN(CC2)S(=O)(=O)C3=CC4=C(C=C3)NN=C4,-2.87
P08912,CCN1CCC(=C(C1)C(=O)OCCC2=CC=CC=C2C)C3=CC=CC=C3,-2.462
P08912,CCOC(=O)N1CCC(CC1)NCCNC(=O)C2=CC=CC=C2.Cl,-4.81
P08912,C[N+]1(CCC(CC1)C2CC[N+](CC2)(C)CCCC(C3=CC=CC=C3)(C4=CC=CC=C4)O)CCCC(C5=CC=CC=C5)(C6=CC=CC=C6)O.[I-].[I-],-2.77
P08912,CC1C(OC(CO1)C[N+](C)(C)C)(C)C,-4.51
P08912,CN1CCCC1C2=CC=C(O2)C(C3=CC=CC=C3)C4=CC=CC=C4,-2.02
P08912,CCN1CCC(=C(C1)C(=O)OCCC2=CC=NC=C2)C3=CC=CC=C3,-2.146
P08912,C1CN(CCC1(C2=CC=C(C=C2)Cl)O)CCCC(=O)C3=CC=C(C=C3)F,-3.446
P08912,C[N+](C)(C)CC1COCC(O1)C(C2=CC=CC=C2)C3=CC=CC=C3,-3.88
P08912,C[N+]1(CCCCC1)CC#CCOC2=NOCC2,-3.614
P08912,CCC1=C(C2=C(N1)C=CC3=C2CN4CCC5=C(C4O3)C=CC(=C5)OC)C(=O)OCC,-3.49
P08912,CC1=CC(=CC=C1)OCCN2C3=C(C=C(C=C3)OC(F)(F)F)C(=O)C2=O,-2.722
P08912,CN1CCCC1C2=CC=CO2,-4.65
P08912,CCOC1=CC=C(C=C1)C23C4=CC=CC=C4C(=O)N2CCN3C(=O)C5=CC(=C(C=C5)F)F,-3.505
P08912,CN1CCC=C(C1)C2=NSN=C2OCCOCCOC3=NSN=C3OC,-2.4
P08912,CCCCCCOC(=O)C1CN(CC=C1C2=CC=CC=C2)CC,-2.541
P08912,CC(C)[N+]1(C2CCC1CC(C2)OC(=O)C(CO)C3=CC=CC=C3)C,-0.215
P08912,CN(C)CCC1=CC(=CC2=CN=CC=C2)C3=CC=CC=C31,-4.43
P08912,C[N+]1(CCN(CC1)CC(C2CCCCC2)(C3=CC=CC=C3)O)[SiH3],-0.301
P08912,C1CC(C2=CC=CC=C2C1C3=CC(=C(C=C3)Cl)Cl)N,-3.58
P08912,CC1CCCN1CCC2=CC3=C(O2)C=CC(=C3)C(=O)C4=CC=C(C=C4)F,-2.64
P08912,CC(CC1=CC(=CC=C1)C(F)(F)F)N,-3.255
P08912,COC1=CC=CC(=C1)C(=O)N2CCN3C2(C4=CC=CC=C4C3=O)C5=CC=C(C=C5)Cl,-3.82
P08912,C1C2C3CC4C2C5C1C3C(C45)NCCC6=CC(=CC=C6)F,-3.262
P08912,CCCCCOC(=O)C1CN(CC=C1C2=CC=CC=C2)CC,-2.573
P08912,C1=CC(=CC=C1CN2C3=C(C=C(C=C3)OC(F)(F)F)C(=O)C2=O)C4=CN=CN=C4,-3.322
P08912,CCN1CCC(=C(C1)C(=O)OC2=CC=CC=C2)C3=CC=CC=C3,-3.196
P08912,CC(C)(CCC(C1=CC=CC=C1)(C2=CC=CC=C2)C(=O)N)N3CC(C3)OC4=CC=CC(=C4)O,0.772
P08912,CN(C)CCNC(=O)C1=C(C2=CC=CC=C2C1)CC3=CC=CC=N3,-4.66
P08912,C1CCC(CC1)NC(=O)CN2CCN3CCCC3C2,-4.869
P08912,CCN1CCC(=C(C1)C(=O)OC)C2=CC=CC=C2,-2.99
P08912,C1CN(C2(N1C(=O)C3=CC=CC=C32)C4=CC=C(C=C4)Cl)C(=O)C5=CC(=C(C(=C5)F)F)F,-2.788
P08912,CC(C)(C)CN(CC1=CC=CC=C1C(F)(F)F)C(=O)C2CCN(CC2)S(=O)(=O)C3=CC4=C(C=C3)NN=C4,-2.085
P08912,CC1=CC=C(C=C1)C23C4=CC=CC=C4C(=O)N2CCN3C(=O)C5=CC=C(C=C5)SC(F)(F)F,-3.611
P08912,C1CCC(CC1)C(C#CCN2CCCCC2)(C3=CC=CC=C3)O,-1.609
P08912,CNC1CCC(C2=CC=CC=C12)C3=CC(=C(C=C3)Cl)Cl,-3.279
P08912,C1CN(CCC1C2CCN(CC2)CCCC(C3=CC=CC=C3)(C4=CC=CC=C4)O)CCCC(C5=CC=CC=C5)(C6=CC=CC=C6)O.Cl.Cl,-2.89
P08912,CCC1COCC(O1)C[N+](C)(C)C.[I-],-4.42
P08912,C1CN(CC1C(C2=CC=CC=C2)(C3=CC=CC=C3)C(=O)N)CCC4=CC5=C(C=C4)OCC5,-0.362
P08912,CN(CCCCCCCCN(C)CCCCCCN(CC(=O)N1C2=CC=CC=C2C(=O)NC3=C1N=CC=C3)CC(=O)N4C5=CC=CC=C5C(=O)NC6=C4N=CC=C6)CCCCCCNCC(=O)N7C8=CC=CC=C8C(=O)NC9=C7N=CC=C9,-1.53
P08912,CN1CCCC1C2=CC=C(O2)C(C3CCCCC3)(C4=CC=CC=C4)O,-0.85
P08912,CC1=C(C2=C(N1)C=CC3=C2CN4CCC5=C(C4O3)C=CC(=C5)OC)C(=O)OCC=C,-3.35
P08912,CON=C(C#N)C1CN2CCC1CC2,-2.09
P08912,CCN(CC)CC1CCCCN1CC(=O)N2C3=CC=CC=C3C(=O)NC4=C2N=CC=C4,-3.447
P08912,CN(C)CCOC(=O)C1=CC(=CC2=CC=NC=C2)C3=CC=CC=C31,-4.43
P08912,CN1CCC(=C(C1)C(=O)OCCCCC2=CC=C(C=C2)OC)C3=CC=CC=C3,-3.064
P08912,CNCCCC12CCC(C3=CC=CC=C31)C4=CC=CC=C24,-2.138
