GPCR,STANDARD_VALUE,smiles
P47900,CSC1=NC2=C(C(=N1)N)N=CN2C3C(C(C(O3)COP(=O)([O-])OP(=O)(CP(=O)([O-])OP(=O)([O-])OCC4C(C(C(O4)N5C=NC6=C5N=C(N=C6N)SC)O)O)[O-])O)O.[Na+].[Na+].[Na+].[Na+],-2.663
P47900,CCC1C(C(C2=CC=CC=C2N1C(=O)NC3=CC(=CC=C3)OC)NC4=CC=CC=C4)C,-3.021
P47900,CNC1=NC(=NC2=C1N=CN2C3CC(C4(C3C4)COP(=O)(O)O)OP(=O)(O)O)C#C,-1.97
P47900,CC1(CN(C2=C(C=CC(=C21)C3=CC=C(C=C3)F)O)C4=CC=CC=C4NC(=O)NC5=CSC(=N5)Cl)C,-0.69
P47900,C1C(C(SC1N2C=NC3=C2N=CN=C3N)COP(=O)(O)O)OP(=O)(O)O,-4.086
P47900,CCC1(CN(C2=C(C=CC(=C21)F)O)C3=CC=CC=C3NC(=O)NC4=CC=C(C=C4)C5CCN(CC5)CC(C)C)CC,-0.908
P47900,CC(C)(C)CN1CCC2(CC1)CN(C3=C2C(=CC(=C3O)F)C4=CC=C(C=C4)F)C5=CC=CC=C5NC(=O)NC6=CC=C(C=C6)OC(F)(F)F,-1.061
P47900,CNC1=NC(=NC2=C1N=CN2C3CC(C(O3)COP(=O)(O)O)OP(=O)(O)O)I,-3.426
P47900,CC1(CN(C2=C(C=CC(=C21)C3=CC=C(C=C3)F)O)C4=CC=CC=C4NC(=O)NC5=CC=C(C=C5)C6CCCN6CC(C)(C)C)C,-1.653
P47900,C1CC(OC1COP(=O)(O)OP(=O)(O)OP(=O)(O)O)N2C=NC3=C2N=CN=C3N,-1
P47900,CCC1=CC=CC=C1N2C(=CC(=N2)C)OC3=CC=CC=C3NC(=O)NC4=CC=CC=C4,-2.845
P47900,CC(C)(C)CN1CCC2(CC1)CN(C3=C(C=CC(=C23)Cl)O)C4=CC=CC=C4NC5=NN=C(S5)C6=CC=C(C=C6)OC(F)(F)F,-1.114
P47900,CCC1=CC=CC=C1N2C(=CC(=N2)C)OC3=CC=CC=C3NC(=O)NC4=CC=C(C=C4)OC,-2.748
P47900,C1=NC2=C(C(=N1)N)N=CN2C3C(C(C(O3)COP(=O)(O)OP(=O)(O)O)O)O,-1.38
P47900,CCC1(CN(C2=C(C=CC(=C21)Cl)O)C3=CC=CC=C3NC(=O)NC4=NC(=NS4)C(C)C)CC,-0.845
P47900,CC1(CN(C2=C(C=CC(=C21)C3=CC(=CN=C3)OC)O)C4=CC=CC=C4NC(=O)NC5=CC=C(C=C5)OC(F)(F)F)C,-0.996
P47900,CC(C)(C)CN1CCC2(CC1)CN(C3=C2C(=C(C=C3O)F)C4=CN=C(C=C4)C(F)(F)F)C5=CC=CC=C5NC(=O)NC6=NC7=C(S6)C=C(C=C7)F,-1.614
P47900,CCC1(CN(C2=C(C=CC(=C21)Cl)O)C3=CC=CC=C3NC(=O)NC4=NC5=C(S4)C=C(C=C5)F)CC,-0.82
P47900,CC(C)(C)CN1CCC2(CC1)CN(C3=C(C=CC(=C23)Cl)O)C4=CC=CC=C4NC5=NN=C(C=C5)C6=CC=CC=C6,-2.708
P47900,CC(C)(C)CN1CCC2(CC1)CN(C3=C(C=CC(=C23)Cl)O)C4=CC=CC=C4NC(=O)NC5=NC6=C(S5)CN(CC6)CC(F)(F)F,-1.045
P47900,CC(C)(C)C1=CC=CC=C1OC2=C(C=CC=N2)NC(=O)NC3=C(C=C(C=C3)F)F,-1.255
P47900,CC(C)(C)CN1CCC2(CC1)CN(C3=C(C=CC(=C23)F)O)C4=CC=CC=C4NC(=O)NC5=NC6=C(S5)N=C(C=C6)F,-0.845
P47900,CC1=C(C(=NN1C)C)C2=C(C=C(C3=C2C(CN3C4=CC=CC=C4NC(=O)NC5=CC=C(C=C5)OC(F)(F)F)(C)C)O)F,-1.283
P47900,CCC1=CC=C(C=C1)NC(=O)NC2=CC=CC=C2N3CC(C4=C(C=CC(=C43)O)F)(CC)CC,-0.491
P47900,CC(C)(C)C1=CC=CC=C1OC2=C(C=CC=N2)NC3=NOC(=N3)C4=CC=CC=C4,-2.613
P47900,CSC1=NC2=C(C(=N1)N)N=CN2C3CC(C(O3)COP(=O)(O)O)OP(=O)(O)O,-3.086
P47900,CCC1C(C(C2=CC=CC=C2N1C(=O)NC3=CC(=CC(=C3)OC)OC)NC4=CC=CC=C4)C,-2.699
P47900,CC(C)CN1CCC(CC1)COC2=CC(=C(C=C2)NC(=O)NC3=C(N=CC=C3)OC4=CC=CC=C4C(C)(C)C)F,-1.477
P47900,C1=CC(=CC(=C1)OC2=C(C=CC=N2)NC(=O)NC3=CC(=CC(=C3)Cl)Cl)C(F)(F)F,-2.228
P47900,CC(C)(C)CN1CCC2(CC1)CN(C3=C(C=CC(=C23)C(F)(F)F)O)C4=CC=CC=C4NC5=NN=C(S5)C6=CC(=CC=C6)F,-1.079
P47900,CC1(CN(C2=C1C(=C(C=C2O)F)C3=CC=C(C=C3)C(C)(C)C)C4=CC=CC=C4NC(=O)NC5=CSC(=N5)C(F)(F)F)C,-1.307
P47900,CCC1CC(C2=CC=CC=C2N1C(=O)C3=CC=C(C=C3)OC)NC4=CC=CC=C4,-3.301
P47900,CC1(CN(C2=C1C(=C(C=C2O)F)C3CC3)C4=CC=CC=C4NC(=O)NC5=CC=C(C=C5)OC(F)(F)F)C,-1.262
P47900,CC1(CN(C2=C(C=CC(=C21)C3=CC=C(S3)Cl)O)C4=CC=CC=C4NC(=O)NC5=CC=C(C=C5)OC(F)(F)F)C,-2.053
P47900,CC1(CN(C2=C1C(=C(C=C2O)F)C3=CC=C(C=C3)F)C4=CC=CC=C4NC(=O)NC5=CC=C(C=C5)OC(F)(F)F)C,-0.826
P47900,CC1(CN(C2=C(C=CC(=C21)Br)O)C3=CC=CC=C3NC(=O)NC4=NC5=C(S4)C=C(C=C5)Br)C,-1.442
P47900,CC(C)CCN1C=C(C=N1)C2=C(C=C(C3=C2C(CN3C4=CC=CC=C4NC(=O)NC5=CC=C(C=C5)OC(F)(F)F)(C)C)O)F,-1.124
P47900,CCC1C(C(C2=CC=CC=C2N1C(=O)C3=CC=C(C=C3)Cl)NC4=CC=CC=C4)C,-2.929
P47900,CC1(CN(C2=C1C(=C(C=C2O)F)C3=CC=C(C=C3)Cl)C4=CC=CC=C4NC(=O)NC5=NC6=C(S5)N=C(C=C6)Cl)C,-1.425
P47900,C1CN(CC2=C1C(=CC=C2)OC3=C(C=CC=N3)NC(=O)NC4=CC=C(C=C4)OC(F)(F)F)CC5=CC(=CC=C5)O,-3.342
P47900,C1CN(CCC12CN(C3=CC=CC=C23)C4=CC=CC=C4NC(=O)NC5=CC=C(C=C5)OC(F)(F)F)C(=O)OCC6=CC=CC=C6,-1.327
P47900,CC1(CN(C2=C1C(=C(C=C2O)F)Br)C3=CC=CC=C3NC(=O)NC4=NC5=C(S4)C=C(C=C5)Cl)C,-1.496
P47900,CC(C)(C)CN1CCC2(CC1)CN(C3=C(C=CC(=C23)Cl)O)C4=CC=CC=C4NC5=NC(=NS5)C6=CC=CC=C6,-0.778
P47900,CNC1=NC(=NC2=C1N=CN2C3CC(C(O3)COP(=O)(O)O)OP(=O)(O)O)N,-3.267
P47900,C1C(C2CC2(C1OP(=O)(O)O)COP(=O)(O)O)N3C=NC4=C3N=CN=C4N,-2.19
P47900,C1=CC=C2C(=C1)C=C(N2)C3=C(C=CC=N3)NC(=O)NC4=CC=C(C=C4)OC(F)(F)F,-2.356
P47900,CC1(CN(C2=C(C=CC(=C21)C(F)(F)F)O)C3=CC=CC=C3NC(=O)NC4=CC=C(C=C4)C5CCN(CC5)CC(C)(C)C)C,-0.531
P47900,CCC1C(C(C2=CC=CC=C2N1C(=O)NC3=CC(=CC=C3)Cl)NC4=CC=CC=C4)C,-2.813
P47900,CC1(CN(C2=C(C=CC(=C21)C3=CC=C(C=C3)F)O)C4=CC=CC=C4NC(=O)NC5=NC6=C(S5)C=C(C=C6)Cl)C,-1.004
P47900,C1CN(CC2=C1C(=CC=C2)OC3=C(C=CC=N3)NC(=O)NC4=CC=C(C=C4)OC(F)(F)F)CCC5=CC=CC=C5,-2.462
P47900,CCCCCCSC1=NC2=C(C(=N1)N)N=CN2C3C(C(C(O3)COP(=S)([O-])[O-])O)O,-3.446
P47900,CCSC1=NSC(=N1)NC(=O)NC2=CC=CC=C2N3CC4(CCN(CC4)CC(C)(C)C)C5=C(C=CC(=C53)O)C(F)(F)F,-0.908
P47900,C1=CC=C(C=C1)OC2=C(C=CC=N2)NC(=O)NC3=C(C=C(C=C3)F)F,-3.301
P47900,CC(C)(C)CN1CCC2(CC1)CN(C3=C(C=CC(=C23)Cl)O)C4=CC=CC=C4NC(=O)NC5=NC6=C(S5)C=C(C=C6)F,-0.286
P47900,CN(C)C1=CC=C(C=C1)NC(=O)NC2=C(N=CC=C2)OC3=CC=CC(=C3)C(F)(F)F,-2.704
P47900,CC1(CN(C2=C1C(=CC(=C2O)F)C3=CC=C(C=C3)Cl)C4=CC=CC=C4NC(=O)NC5=CC=C(C=C5)OC(F)(F)F)C,-2.477
P47900,C1=NC2=C(C(=N1)N)N=CN2C3C(C(C(O3)COP(=O)(O)OP(=O)(O)OP(=O)(O)O)O)O,-2.929
P47900,C1=CC(=CC(=C1)OC2=C(C=CC=N2)NC(=O)NC3=CC(=CC=C3)Cl)C(F)(F)F,-2.107
P47900,CCC1=CC=CC=C1OC2=C(C=CC=N2)NC(=O)NC3=C(C=C(C=C3)F)F,-1.886
P47900,COCCN1CCC2(CC1)CN(C3=CC=CC=C23)C4=CC=CC=C4NC(=O)NC5=CC=C(C=C5)OC(F)(F)F,-4.11
P47900,CC(C)(C)C1=CC=CC=C1OC2=C(C=CC=N2)NC(=O)NC3=C(C=C(C=C3)C4=CC(=CC=C4)CN(C)C)F,-1.531
P47900,CC(C)(C)C1=CC=CC=C1OC2=C(C=CC=N2)NC(=O)NC3=CC=C(C=C3)C4(CC4)COC,-1.255
P47900,CC(C)(C)CN1CCC2(CC1)CN(C3=C2C(=C(C=C3O)F)C4=CC=C(C=C4)F)C5=CC=CC=C5NC(=O)NC6=NC7=C(S6)N=C(C=C7)Cl,-1.009
P47900,CC1=CC(=C(C(=C1)C)NC2=CC(=C(C3=C2C(=O)C4=CC=CC=C4C3=O)N)S(=O)(=O)[O-])C.[Na+],-3.342
P47900,CC(C)(C)CN1CCC2(CC1)CN(C3=C2C=CC=C3O)C4=CC=CC=C4NC(=O)NC5=NC6=C(S5)C=C(C=C6)Cl,-0.875
P47900,CC(C)(C)CN1CCC2(CC1)CN(C3=C2C(=C(C=C3O)F)C4=CN=C(C=C4)C(F)(F)F)C5=CC=CC=C5NC(=O)NC6=NC7=C(S6)C=C(C=C7)Cl,-1.816
P47900,CC(C)(C)CN1CCC2(CC1)CN(C3=C(C=CC(=C23)C#N)O)C4=CC=CC=C4NC(=O)NC5=NC6=C(S5)C=C(C=C6)F,-0.699
P47900,CC1(CN(C2=C(C=CC(=C21)Cl)O)C3=CC=CC=C3NC(=O)NC4=CSC(=N4)Cl)C,-0.613
P47900,CCN1CCC2=C(C1)C=CC=C2OC3=C(C=CC=N3)NC(=O)NC4=CC=C(C=C4)OC(F)(F)F,-3.23
P47900,CC(C)(C)CN1CCC2(CC1)CN(C3=C(C=CC(=C23)C#N)O)C4=CC=CC=C4NC(=O)NC5=CC=C(C=C5)OC(F)(F)F,-0.458
P47900,CC(C)(C)CN1CCC2(CC1)CN(C3=C(C=CC(=C23)Cl)O)C4=CC=CC=C4NC(=O)NC5=NC6=C(S5)N=C(C=C6)Cl,-0.519
P47900,CNC1=NC(=NC2=C1N=CN2C3C4CC4(C(C3O)O)COP(=O)(O)OP(=O)(O)OP(=O)(O)O)Cl,-0.954
P47900,CC(C)(C)CN1CCC2(CC1)CN(C3=C(C=CC(=C23)C(F)(F)F)O)C4=CC=CC=C4NC5=NN=C(S5)C6=CC=CC=C6,-0.982
P47900,CC1(CN(C2=C(C(=CC(=C21)Cl)F)O)C3=CC=CC=C3NC(=O)NC4=CC=C(C=C4)OC(F)(F)F)C,-1.149
P47900,CC1(CN(C2=C1C(=C(C=C2O)F)C3=CC(=CC=C3)Cl)C4=CC=CC=C4NC(=O)NC5=CC=C(C=C5)OC(F)(F)F)C,-1.29
P47900,CC1(CN(C2=CC=CC=C21)C3=CC=CC=C3NC(=O)NC4=CC=C(C=C4)C(C)(C)C)C,-1.111
P47900,CC1(CN(C2=C1C(=C(C=C2O)F)C3=CC=C(C=C3)F)C4=CC=CC=C4NC(=O)NC5=NC6=C(S5)C=C(C=C6)F)C,-1.405
P47900,CC1(CN(C2=C(C(=CC(=C21)Br)F)O)C3=CC=CC=C3NC(=O)NC4=NC5=C(S4)C=C(C=C5)Cl)C,-1.328
P47900,CN1CC2=C(C1)C(=CC=C2)OC3=C(C=CC=N3)NC(=O)NC4=CC=C(C=C4)OC(F)(F)F,-3.568
P47900,CC(C)(C)CN1CCC2(CC1)CN(C3=C(C=CC(=C23)C(F)(F)F)O)C4=CC=CC=C4NC(=O)NC5=CSC(=N5)Cl,-0.792
P47900,CC1(CN(C2=C1C(=C(C=C2O)F)C3=CN=C(C=C3)C(C)(C)C)C4=CC=CC=C4NC(=O)NC5=CC=C(C=C5)OC(F)(F)F)C,-1.428
P47900,CCCN1CCC2=C(C1)C=CC=C2OC3=C(C=CC=N3)NC(=O)NC4=CC=C(C=C4)OC(F)(F)F,-2.792
P47900,CC1(CN(C2=C(C=CC(=C21)C(F)(F)F)O)C3=C(C(=CC=C3)F)NC(=O)NC4=C(C=C(C=C4)F)F)C,-0.716
P47900,CC1(CN(C2=C1C(=CC(=C2O)F)C3=CC=C(C=C3)C(F)(F)F)C4=CC=CC=C4NC(=O)NC5=CC=C(C=C5)OC(F)(F)F)C,-1.185
P47900,CC1(CN(C2=C1C(=C(C=C2O)F)C3=CN=C(C=C3)F)C4=CC=CC=C4NC(=O)NC5=CC=C(C=C5)OC(F)(F)F)C,-0.672
P47900,CC(C)(C)CN1CCC2(CC1)CN(C3=C(C=CC(=C23)Cl)O)C4=CC=CC=C4NC(=O)NC5=NC6=C(S5)C=C(C=C6)OC(F)(F)F,-0.964
P47900,CC(C)(C)CN1CCC2(CC1)CN(C3=C(C=CC(=C23)Cl)O)C4=CC=CC=C4NC(=O)NC5=CC=C(C=C5)C6CCCN6CC(C)(C)C,-1.093
P47900,CCC1C(C(C2=CC=CC=C2N1C(=O)C3=CC(=CC(=C3)Cl)Cl)NC4=CC=CC=C4)C,-1.845
P47900,CC(C)(C)CN1CCC2(CC1)CN(C3=C(C=CC(=C23)Cl)O)C4=CC=CC=C4NC(=O)NC5=CC=C(C=C5)C(C)(C)C,-0.987
P47900,CC(C)C(=O)N1CCC2=C(C1)SC(=N2)NC(=O)NC3=CC=CC=C3N4CC5(CCN(CC5)CC(C)(C)C)C6=C(C=CC(=C64)O)Cl,-1.253
P47900,C1C(C(OC1N2C=NC3=C2NC(=NC3=O)N)COP(=O)(O)O)OP(=O)(O)O,-4.173
P47900,C1=NC2=C(N1C3C(C(C(O3)COP(=S)([O-])OP(=O)(C(P(=O)([O-])OP(=O)(OCC4C(C(C(O4)N5C=NC6=C5N=C(N=C6N)SCCC(F)(F)F)O)O)[S-])Cl)[O-])O)O)N=C(N=C2N)SCCC(F)(F)F.[Na+].[Na+].[Na+].[Na+],-3.716
P47900,CC1(CN(C2=C(C=CC(=C21)C3=CC=C(C=C3)F)O)C4=CC=CC=C4NC(=O)NC5=NC6=C(S5)C=C(C=C6)F)C,-1.093
P47900,CC1(CN(C2=C1C(=C(C=C2O)F)C3=CN=C(N=C3)SC)C4=CC=CC=C4NC(=O)NC5=CC=C(C=C5)OC(F)(F)F)C,-0.857
P47900,CC(C)(C)CN1CCC2(CC1)CN(C3=C(C=CC(=C23)F)O)C4=CC=CC=C4NC5=NN=C(S5)C6=CC=C(C=C6)OC(F)(F)F,-0.699
P47900,CC1(CN(C2=C1C(=C(C=C2O)F)C3=CC=C(S3)Cl)C4=CC=CC=C4NC(=O)NC5=CC=C(C=C5)OC(F)(F)F)C,-0.978
P47900,CN1CCN(C2=CC=CC=C21)C3=CC=CC=C3NC(=O)NC4=CC=C(C=C4)OC(F)(F)F,-1.973
P47900,C1=NC2=C(N1C3C(C(C(O3)COP(=S)([O-])OP(=O)(C(P(=O)([O-])OP(=O)(OCC4C(C(C(O4)N5C=NC6=C5N=C(N=C6N)Br)O)O)[S-])Cl)[O-])O)O)N=C(N=C2N)Br.[Na+].[Na+].[Na+].[Na+],-3.35
P47900,C1=NC2=C(C(=N1)N)N=CN2C3C(C(C(O3)COP(=O)(CP(=O)([O-])OP(=O)(CP(=O)([O-])OCC4C(C(C(O4)N5C=NC6=C5N=CN=C6N)O)O)[O-])[O-])O)O,-3.954
P47900,CSC1=NC2=C(C(=N1)N)N=CN2C3C4CC4(C(C3O)O)COP(=O)(O)OP(=O)(O)O,0.398
P47900,CC(C)(C)C1=CC=CC=C1OC2=C(C=CC=N2)NC(=O)NC3=CC=C(C=C3)N4CCCCC4,-1.041
P47900,CC(C)C1=CC=CC=C1C2=CC3=C(O2)C(=CC=C3)NC(=O)NC4=CC=C(C=C4)Cl,-3.14
P47900,CC(C)(C)CN1CCC2(CC1)CN(C3=C(C=CC(=C23)Cl)O)C4=C(C=C(C=C4)C#N)NC(=O)NC5=CC=C(C=C5)OC(F)(F)F,-1.33
P47900,CC(C)(C)C1=CC=CC=C1OC2=C(C=CC=N2)NC3=NC(=C(S3)C4=CC(=CC=C4)OC)C(F)(F)F,-0.903
P47900,CC(C)CN1CCC(CC1)C2=CC=C(C=C2)NC(=O)NC3=CC=CC=C3N4CC5(CCN(CC5)CC(C)(C)C)C6=C4C(=CC(=C6Cl)F)O,-1.104
P47900,CC1=CC2=C(C=C1)N=C(S2)NC(=O)NC3=CC=CC=C3N4CC5(CCN(CC5)CC(C)(C)C)C6=C(C=CC(=C64)O)F,-0.568
P47900,CC(C)(C)C1=CC=CC=C1OC2=C(C=CC=N2)NC3=NCC(O3)C4=CC=CC=C4,-3.398
P47900,CNC1=NC(=NC2=C1N=CN2C3CC(C(C3)OP(=O)(O)O)COP(=O)(O)O)N,-3.775
P47900,CC1(CN(C2=C(C=CC(=C21)C(F)(F)F)O)C3=CC=CC=C3NC(=O)NC4=CSC(=N4)Cl)C,-0.792
P47900,CNC1=NC(=NC2=C1N=CN2C3CC(C4(C3C4)COP(=O)(O)O)OP(=O)(O)O)C5=CC=CC=C5,-3.288
P47900,CCC1=C(SC(=N1)NC2=C(N=CC=C2)OC3=CC=CC=C3C(C)(C)C)C4=CC=CC=C4,-1.079
P47900,CC(C)(C)C1=CC=CC=C1OC2=C(C=CC=N2)NC(=O)NC3=CC=C(C=C3)N4CCN(CC4)CC5=CC=CC=C5,-0.845
P47900,C1=CC=C2C(=C1)C(=O)C3=C(C2=O)C(=C(C=C3NC4=CC(=C(C=C4)NC5=NC(=NC(=N5)NC6=CC=CC=C6S(=O)(=O)[O-])Cl)S(=O)(=O)[O-])S(=O)(=O)[O-])N.[Na+].[Na+].[Na+],-3.462
P47900,CC(C)(C)CN1CCC2(CC1)CN(C3=C(C=CC(=C23)Cl)O)C4=CC=CC=C4NC5=NC=C(S5)C6=CC=CC=C6,-1.204
P47900,CC1(CN(C2=C(C=CC(=C21)C(F)(F)F)O)C3=CC=CC=C3NC(=O)NC4CCN(CC4)CC(F)(F)F)C,-0.69
P47900,CCN(CC)S(=O)(=O)C1=C2C(=C(C=C1)O)N(CC23CCN(CC3)CC(C)(C)C)C4=CC=CC=C4NC(=O)NC5=CC=C(C=C5)C(C)(C)C,-0.544
P47900,CC(C)(C)CN1CCC2(CC1)CN(C3=C(C=CC(=C23)Cl)O)C4=CC=CC=C4NC5=NN=C(S5)C6CCOCC6,-2.191
P47900,CCC1(CN(C2=C(C=CC(=C21)Cl)O)C3=CC=CC=C3NC(=O)NC4=CSC(=N4)Cl)CC,-0.699
P47900,C1=CC=C(C=C1)NC(=O)NC2=NC=NC3=C2N=CN3C4C(C(C(O4)COP(=O)(O)OP(=O)(O)O)O)O,-3.42
P47900,CC(C)(C)CN1CCC2(CC1)CN(C3=C(C=CC(=C23)Cl)O)C4=CC=CC=C4NC5=NOC(=C5)C6=CC=CC=C6,-1.82
P47900,CC(C)(C)CN1CCC2(CC1)CN(C3=C(C=CC(=C23)C(F)(F)F)O)C4=CC=CC=C4NC(=O)NC5=CN=C(C=C5)C(F)(F)F,-0.903
P47900,CNC1=NC(=NC2=C1N=CN2CC3CC(C(C3)OP(=O)(O)O)COP(=O)(O)O)Cl,-1.013
P47900,CC1=NN(C(=C1)OC2=CC=CC=C2NC(=O)NC3=CC=C(C=C3)OC(F)(F)F)C4=CC=CC=C4C(F)(F)F,-2.114
P47900,CC(C)(C)CN1CCC2(CC1)CN(C3=C(C=CC(=C23)Cl)O)C4=CC=CC=C4NC(=O)NC5=NC6=C(S5)C=C(C=C6)OC,-0.973
P47900,CCSC1=NSC(=N1)NC(=O)NC2=CC=CC=C2N3CC4(CCN(CC4)CC(C)(C)C)C5=C(C=CC(=C53)O)Cl,-0.863
P47900,COC(=O)N1CCC2(CC1)CN(C3=CC=CC=C23)C4=CC=CC=C4NC(=O)NC5=CC=C(C=C5)OC(F)(F)F,-3.763
P47900,C1=NC2=C(C(=N1)N)N=CN2C3C(C(C(O3)COP(=O)([O-])OP(=O)([O-])OP(=S)([O-])[O-])O)O,-1.6
P47900,CSC1=NC2=C(C(=N1)N)N=CN2C3C(C(C(O3)COP(=O)([O-])OP(=O)(CP(=O)([O-])[O-])[O-])O)O,-1.903
P47900,CC(C)(C)CN1CCC2(CC1)CN(C3=C(C=CC(=C23)Cl)O)C4=CC=CC=C4NC5=NC(=NS5)C(C)(C)C,-0.903
P47900,CCC1(CN(C2=C(C=CC(=C21)C#N)O)C3=CC=CC=C3NC(=O)NC4=CC=C(C=C4)C(C)(C)C)CC,-0.839
P47900,CCC1=CC=CC=C1N2C(=CC(=N2)C)OC3=CC=CC=C3NC(=O)NC4=CC=C(C=C4)C5CCCCC5,-1
P47900,CC(C)(C)CN1CCC2(CC1)CN(C3=C(C=CC(=C23)Cl)O)C4=CC=CC=C4NC5=NN=C(S5)C6=CN=CC=C6,-1.386
P47900,CC(C)(C)CN1CCC2(CC1)CN(C3=C(C=CC(=C23)Cl)O)C4=CC=CC=C4NC5=NN=C(S5)C6=CC(=CC=C6)Cl,-1.204
P47900,CC(C)(C)C1=CC=CC=C1OC2=C(C=CC=N2)NC3=NN=C(S3)C4=CN=CC=C4,-2.531
P47900,CC1=C(SC(=N1)NC2=CC=CC=C2N3CC4(CCN(CC4)CC(C)(C)C)C5=CC=CC=C53)C(=O)OC,-1.255
P47900,C1=NC2=C(C(=N1)N)N=CN2C3C(C(C(O3)COP(=O)(O)OP(=O)(O)OP(=O)(O)OP(=O)(O)OCC4C(C(C(O4)N5C=NC6=C5N=CN=C6N)O)O)O)O,-2.629
P47900,CC1(CN(C2=C1C(=C(C=C2O)F)C3=COC(=N3)C(C)(C)C)C4=CC=CC=C4NC(=O)NC5=NC6=C(S5)C=C(C=C6)F)C,-1.137
P47900,CCC1C(C(C2=CC=CC=C2N1C(=O)C3=CC=C(C=C3)OC)NC4=CC=CC=C4)C,-2.778
P47900,CSC1=NC2=C(C(=N1)N)N=CN2C3C(C(C(O3)COP(=O)([O-])OP(=O)(C(P(=O)([O-])OP(=O)([O-])OCC4C(C(C(O4)N5C=NC6=C5N=C(N=C6N)SC)O)O)Cl)[O-])O)O.[Na+].[Na+].[Na+].[Na+],-4.462
P47900,CCC1(CN(C2=C(C=CC(=C21)Cl)O)C3=CC=CC=C3NC(=O)NC4=NC5=C(S4)CN(CC5)CC(F)(F)F)CC,-1.21
P47900,CCC1(CN(C2=C1C=CC(=C2O)F)C3=CC=CC=C3NC(=O)NC4=CC=C(C=C4)C(C)(C)C)CC,-1.17
P47900,CC1=NC2=C(C(=N1)NC)N=CN2C3CC(C(O3)COP(=O)(O)O)OP(=O)(O)O,-1.89
P47900,CC(C)(C)CN1CCC2(CC1)CN(C3=C(C=CC(=C23)Cl)O)C4=C(C=C(C=C4)C#N)NC(=O)NC5=NC6=C(S5)C=C(C=C6)F,-1.468
P47900,CC1(CN(C2=C(C=CC(=C21)C(F)(F)F)O)C3=CC=CC=C3NC(=O)NC4=NC5=C(S4)C=C(C=C5)F)C,-1.093
P47900,CC1(CN(C2=C1C(=C(C=C2O)F)C3=CC=CC(=C3)C#N)C4=CC=CC=C4NC(=O)NC5=CC=C(C=C5)OC(F)(F)F)C,-1
P47900,C1=NC2=C(C(=N1)N)N=CN2C3C(C(C(O3)COP(=O)(O)OP(=O)(O)OP(=O)(O)OP(=O)(O)OP(=O)(O)OCC4C(C(C(O4)N5C=NC6=C5N=CN=C6N)O)O)O)O,-2.881
P47900,CNC1=NC(=NC2=C1N=CN2C3CC(C(O3)COP(=O)(O)O)OP(=O)(O)O)N,-3.267
P47900,CC1=NN(C(=C1)OC2=CC=CC=C2NC(=O)NC3=CC=C(C=C3)C4CCOCC4)C5=CC=CC=C5Cl,-2.881
P47900,CC(C)(C)C1=CC(=CC=C1)OC2=C(C=CC=N2)NC(=O)NC3=C(C=C(C=C3)F)F,-1.519
P47900,CC1=NN(C(=C1)OC2=CC=CC=C2NC(=O)NC3=CC=C(C=C3)F)C4=CC=CC=C4,-3.431
P47900,CC1=NN(C(=C1)OC2=CC=CC=C2NC(=O)NC3=CC=C(C=C3)C4CCCCC4)C5=CC=CC=C5Cl,-1.477
P47900,CC(C)C1=NC(=CS1)NC(=O)NC2=CC=CC=C2N3CC4(CCN(CC4)CC(C)(C)C)C5=C(C=CC(=C53)O)Cl,-1.114
P47900,C1CC12CN(C3=CC=CC=C23)C4=CC=CC=C4NC(=O)NC5=CC=C(C=C5)OC(F)(F)F,-1.415
P47900,CC(C)(C)CN1CCC2(CC1)CN(C3=C(C=CC(=C23)F)O)C4=CC=CC=C4NC5=NN=C(S5)C6=CC=C(C=C6)Cl,-0.778
P47900,CC(C)(C)C1=CC=CC=C1OC2=C(C=CC=N2)NC(=O)NC3=C(C=C(C=C3)C4=CC=C(C=C4)CN(C)C)F,-1.568
P47900,CC1=C(ON=C1C)NS(=O)(=O)C2=CC=C(C=C2)NC(=O)NC3=CC(=C(C=C3)Cl)Cl,-3.818
P47900,C1=CC=C(C=C1)NC(=O)NC2=C(N=CC=C2)OC3=CC=CC(=C3)C(F)(F)F,-2.233
P47900,C1CN(CC2=C1C(=CC=C2)OC3=C(C=CC=N3)NC(=O)NC4=CC=C(C=C4)OC(F)(F)F)CC5=CC=CC=N5,-3.041
P47900,CC(C)(C)C1=CC=CC=C1OC2=C(C=CC=N2)NC3=NSC(=N3)C4=CC=CC=C4,-3.176
P47900,CC(C)(C)CN1CCC2(CC1)CN(C3=C2C=CC(=C3)O)C4=CC=CC=C4NC(=O)NC5=CC=C(C=C5)OC(F)(F)F,-0.663
P47900,CNC1=NC(=NC2=C1N=CN2C3CC(C(O3)COP(=O)(O)O)OP(=O)(O)O)SC,-2.559
P47900,CC(C)(C)CN1CCC2(CC1)CN(C3=C(C=CC(=C23)C(F)(F)F)O)C4=CC=CC=C4NC(=O)NC5=CC=C(C=C5)OC(F)F,-0.954
P47900,CCSC1=NC2=C(C(=N1)N)N=CN2C3CC(C(O3)COP(=O)(O)O)OP(=O)(O)O,-3.517
P47900,CC(C)(C)CN1CCC2(CC1)CN(C3=C(C=CC(=C23)Cl)O)C4=CC=CC=C4NC(=O)NC5=NC6=C(S5)CCCC6,-0.978
P47900,CC(C)(C)C1=CC=CC=C1OC2=C(C=CC=N2)NC3=NC(=C(S3)C(=O)N)C(F)(F)F,-3.686
P47900,CCC1=CC=CC=C1N2C(=CC(=N2)C)OC3=CC=CC=C3NC(=O)NC4=CC=C(C=C4)C(F)(F)F,-1.778
P47900,C1CN(CC2=C1C(=CC=C2)OC3=C(C=CC=N3)NC(=O)NC4=CC=C(C=C4)OC(F)(F)F)CC5=CC=CC=C5O,-2.415
P47900,CC1(CN(C2=C(C=CC(=C21)C(F)(F)F)O)C3=C(C=CC(=C3)F)NC(=O)NC4=NC5=C(S4)C=C(C=C5)F)C,-1.114
P47900,CCC1=NN=C(S1)NS(=O)(=O)C2=CC=C(C=C2)NC(=O)NC3=CC=C(C=C3)C(F)(F)F,-4
P47900,CC1CN(C2=CC=CC=C2C1NC3=CC=CC=C3)C(=O)C4=CC=C(C=C4)OC,-4
P47900,CC(C)(C)C1=CC=CC=C1OC2=C(C=CC=N2)NC3=NN=C(S3)C4=CC=C(C=C4)CN(C)C,-2.398
P47900,CC(C)(C)CN1CCC2(CC1)CN(C3=C2C=CC=C3O)C4=CC=CC=C4NC(=O)NC5=NC6=C(S5)N=C(C=C6)Cl,-0.724
P47900,C1=CC(=CC(=C1)NC(=O)NC2=CC=CC(=C2)C(=O)NC3=C(C=CC(=C3)C(=O)NC4=C5C(=CC(=CC5=C(C=C4)S(=O)(=O)[O-])S(=O)(=O)[O-])S(=O)(=O)[O-])F)C(=O)NC6=C(C=CC(=C6)C(=O)NC7=C8C(=CC(=CC8=C(C=C7)S(=O)(=O)[O-])S(=O)(=O)[O-])S(=O)(=O)[O-])F,-6.26
P47900,CC(C)C1=CC=CC=C1OC2=C(C=CC=N2)NC(=O)NC3=CC=C(C=C3)C(C)(C)C,-0.845
P47900,C1=CC(=C(C=C1NC(=O)NC2=CC(=CC(=C2)Cl)Cl)Cl)Cl,-3.69
P47900,CC(C)(C)CN1CCC2(CC1)CN(C3=C(C=CC(=C23)Cl)O)C4=CC=CC=C4NC5=NN=C(S5)C6=CC=C(C=C6)Cl,-1.114
P47900,CC(C)(C)CN1CCC2(CC1)CN(C3=C(C=CC(=C23)Cl)O)C4=CC=CC=C4NC5=NN=C(S5)C6=CC(=CC=C6)F,-1.362
P47900,CC(C)(C)C1=CC=CC=C1OC2=C(C=CC=N2)NC(=O)NC3=C(C=C(C=C3)N4CCOCC4)F,-1.398
P47900,CC(C)(C)CN1CCC2(CC1)CN(C3=C(C=CC(=C23)Cl)O)C4=CC=CC=C4NC(=O)NC5=NC(=NS5)OC,-0.833
P47900,CC(C)(C)CN1CCC2(CC1)CN(C3=C2C(=C(C=C3O)F)C4=CC=C(C=C4)Cl)C5=CC=CC=C5NC(=O)NC6=CSC(=N6)C(F)(F)F,-1.188
P47900,CC(=C)C1=CC=C(C=C1)C2=C(C=C(C3=C2C(CN3C4=CC=CC=C4NC(=O)NC5=CC=C(C=C5)OC(F)(F)F)(C)C)O)F,-1.47
P47900,CC(C)(C)C1=CC=CC=C1OC2=C(C=CC=N2)NC3=NC(=C(S3)C4=CC=C(C=C4)C#N)C(F)(F)F,-1.114
P47900,CSC1=NC2=C(C(=N1)N)N=CN2C3C(C(C(O3)COP(=O)(CP(=O)([O-])OP(=O)([O-])OP(=O)([O-])OCC4C(C(C(O4)N5C=NC6=C5N=C(N=C6N)SC)O)O)[O-])O)O,-2.623
P47900,CNC1=NC(=NC2=C1N=CN2CC(COP(=O)(O)O)COP(=O)(O)O)Cl,-1.5
P47900,CC(C)CN1CCC2(CC1)CN(C3=CC=CC=C23)C4=CC=CC=C4NC(=O)NC5=CC=C(C=C5)OC(F)(F)F,-3.046
P47900,CC1(CN(C2=C(C=CC(=C21)C(F)(F)F)O)C3=CC=CC=C3NC(=O)NC4=CC=C(C=C4)C(C)(C)C)C,-0.914
P47900,CC(C)(C)CN1CCC2(CC1)CCN(C3=CC=CC=C23)C4=CC=CC=C4NC5=NC6=C(N5)C=C(C=C6)C(C)(C)C,-2.413
P47900,CC1=NN(C(=C1)OC2=CC=CC=C2NC(=O)NC3=CC=C(C=C3)OC(F)(F)F)C4=CC=CC=C4F,-2.398
P47900,CC1=NN(C(=C1)OC2=CC=CC=C2NC(=O)NC3=CC=C(C=C3)OC(F)(F)F)C4=CC=CC=C4Cl,-1.954
P47900,CSC1=NC2=C(C(=N1)N)N=CN2C3C4CC4(C(C3O)O)COP(=O)(O)OP(=O)(O)OP(=O)(O)O,-1.125
P47900,C1=NC2=C(C(=N1)N)N=CN2C3C(C(C(O3)COP(=O)(O)O)OP(=O)(O)O)O,-3.4
P47900,CC1=NC(=CS1)NC(=O)NC2=CC=CC=C2N3CC4(CCN(CC4)CC(C)(C)C)C5=C(C=CC(=C53)O)C(F)(F)F,-0.69
P47900,CCOC(=O)C1=C(N=C(S1)NC2=CC=CC=C2N3CC4(CCN(CC4)CC(C)(C)C)C5=C(C=CC(=C53)O)Cl)C(F)(F)F,-1.279
P47900,C1C2C1(C(C(C2N3C=NC4=C3N=C(N=C4N)Cl)O)O)COP(=O)(O)OP(=O)(O)OP(=O)(O)O,-0.699
P47900,CSC1=NC2=C(C(=N1)N)N=CN2C3C4CC4(C(C3O)O)COP(=O)(O)O,-2.771
P47900,CC1(CN(C2=C(C=CC(=C21)Br)O)C3=CC=CC=C3NC(=O)NC4=NC5=C(S4)C=C(C=C5)F)C,-1.033
P47900,C1=NC2=C(N1C3C(C(C(O3)COP(=S)([O-])OP(=O)(C(P(=O)([O-])OP(=O)(OCC4C(C(C(O4)N5C=NC6=C5N=C(N=C6N)Cl)O)O)[S-])Cl)[O-])O)O)N=C(N=C2N)Cl.[Na+].[Na+].[Na+].[Na+],-3.867
P47900,CC(C)(C)CN1CCC2(CC1)CN(C3=C2C=CN=C3)C4=CC=CC=C4NC(=O)NC5=CC=C(C=C5)OC(F)(F)F,-1.07
P47900,CC(C)(C)CN1CCCC2(C1)CN(C3=CC=CC=C23)C4=CC=CC=C4NC(=O)NC5=CC=C(C=C5)OC(F)(F)F,-1.111
P47900,CC(C)(C)CN1CCC2(CC1)CN(C3=C(C=CC(=C23)Cl)O)C4=CC=CC=C4NC5=NN=C(S5)C6=CC=CC=N6,-0.833
P47900,CNC1=NC(=NC2=C1N=CN2C3CC(C4(C3C4)COP(=O)(O)O)OP(=O)(O)O)I,0.4
P47900,CCC1(CN(C2=C(C=CC(=C21)Cl)O)C3=CC=CC=C3NC(=O)NC4=CC=C(C=C4)C(F)(F)F)CC,-1.1
P47900,CC(C)(C)CN1CCC2(CC1)CN(C3=C(C=CC(=C23)F)O)C4=CC=CC=C4NC(=O)NC5=NC6=C(S5)N=C(C=C6)Cl,-0.934
P47900,CC1(CN(C2=C(C=CC(=C21)Cl)O)C3=CC=CC=C3NC(=O)NC4=CC=C(C=C4)OC(F)(F)F)CC(F)(F)F,-3.162
P47900,CC1=NN(C(=C1)OC2=C(C=CC=N2)NC(=O)NC3=CC=C(C=C3)OC(F)(F)F)C4=CC=CC=C4Cl,-2.146
P47900,CSC1=NC2=C(C(=N1)N)N=CN2C3C(C(C(O3)COP(=O)(O)OP(=O)(O)OP(=O)(O)O)O)O,-1.531
P47900,CC(C)(C)CN1CCC2(CC1)CN(C3=C(C=CC(=C23)Cl)O)C4=CC=CC=C4NC5=NC(=CS5)C6=CC=CC=C6,-1.568
P47900,CC(C)CN1CCCC1C2=CC=C(C=C2)NC(=O)NC3=CC=CC=C3N4CC5(CCN(CC5)CC(C)(C)C)C6=C(C=CC(=C64)O)Cl,-1.017
P47900,CC1(CN(C2=C1C(=C(C=C2O)F)C3=CC(=C(C=C3)F)Cl)C4=CC=CC=C4NC(=O)NC5=CC=C(C=C5)OC(F)(F)F)C,-1.332
P47900,CC(C)C1=NC(=CO1)C2=C(C=C(C3=C2C(CN3C4=CC=CC=C4NC(=O)NC5=CC=C(C=C5)OC(F)(F)F)(C)C)O)F,-0.875
P47900,CCC1=CC=CC=C1N2C(=CC(=N2)C)OC3=CC=CC=C3NC(=O)NC4=CC=C(C=C4)OC(F)(F)F,-1.699
P47900,CCC1C(C(C2=CC=CC=C2N1C(=O)C3=CC=C(C=C3)[N+](=O)[O-])NC4=CC=CC=C4)C,-3.021
P47900,CC(C)C1=CC=CC=C1C2=CC3=C(O2)C(=CC=C3)NC(=O)NC4=CC=C(C=C4)C(C)(C)C,-2.903
P47900,CC1(CN(C2=C(C=CC(=C21)C(F)(F)F)O)C3=CC=CC=C3NC(=O)NC4=NC5=C(S4)CN(CC5)CC6CC6)C,-1.017
P47900,CC(C)(C)CN1CCC2(CC1)CN(C3=C(C=CC(=C23)Cl)O)C4=CC=CC=C4NC5=NN=C(S5)C6=CC(=CC=C6)C(F)(F)F,-1.38
P47900,CNC1=NC(=NC2=C1N=CN2C3CC(C(O3)COP(=O)(O)O)OP(=O)(O)O)SCC=C,-2.677
P47900,CC1(CN(C2=C1C(=C(C=C2O)F)C3=CC=C(C=C3)C(F)(F)F)C4=CC=CC=C4NC(=O)NC5=CSC(=N5)Cl)C,-1.053
P47900,C1=CC(=CC(=C1)OC2=C(C=CC=N2)NC(=O)NC3=CC=C(C=C3)F)C(F)(F)F,-2.161
P47900,CC1(CN(C2=C1C(=C(C=C2O)F)C3=CN4C=CC(=CC4=N3)Cl)C5=CC=CC=C5NC(=O)NC6=CC=C(C=C6)OC(F)(F)F)C,-1.225
P47900,CC(C)(C)CN1CCC2(CC1)CN(C3=C(C=CC(=C23)C#N)O)C4=CC=CC=C4NC5=NN=C(S5)C6=CC=C(C=C6)C(C)(C)C,-0.987
P47900,CC1=C(C=C(C=C1)NC(=O)NC2=CC=CC=C2N3CC4(CCN(CC4)CC(C)(C)C)C5=C(C=CC(=C53)O)Cl)F,-0.806
P47900,CC1(CN(C2=C(C=CC(=C21)C(F)(F)F)O)C3=C(C=CC(=C3)F)NC(=O)NC4=C(C=C(C=C4)F)F)C,-0.756
P47900,CCC1C(C(C2=CC=CC=C2N1C(=O)NC3=CC=C(C=C3)Cl)NC4=CC=CC=C4)C,-3.061
P47900,CNC1=NC(=NC2=C1N=CN2CC(CP(=O)(O)O)CP(=O)(O)O)I,-2.898
P47900,CC(C)(C)CN1CCC2(CC1)CN(C3=C(C=CC(=C23)Cl)O)C4=CC=CC=C4NC(=O)NC5=CSC(=N5)C(F)(F)F,-0.69
P47900,CNC1=NC(=NC2=C1N=CN2C3CC(C(O3)COP(=O)(O)O)OP(=O)(O)O)Cl,-2.314
P47900,CSC1=NC2=C(C(=N1)N)N=CN2C3C(C(C(O3)COP(=O)(CP(=O)([O-])OP(=O)([O-])OP(=O)([O-])OCC4C(C(C(O4)N5C=NC6=C5N=C(N=C6N)SC)O)O)[O-])O)O.[Na+].[Na+].[Na+].[Na+],-2.623
P47900,C1CCC2(CC1)CN(C3=CC=CC=C23)C4=CC=CC=C4NC(=O)NC5=CC=C(C=C5)OC(F)(F)F,-0.771
P47900,CC1(CN(C2=C1C(=C(C=C2O)F)C3=CN=C(C=C3)C(F)(F)F)C4=CC=CC=C4NC(=O)NC5=CC=C(C=C5)OC(F)(F)F)C,-0.94
P47900,CCCCCSC1=NC2=C(C(=N1)N)N=CN2C3C(C(C(O3)COP(=S)([O-])OP(=O)(C(P(=O)([O-])OP(=O)(OCC4C(C(C(O4)N5C=NC6=C5N=C(N=C6N)SCCCCC)O)O)[S-])Cl)[O-])O)O.[Na+].[Na+].[Na+].[Na+],-3.624
P47900,CCC1(CN(C2=C1C=CC(=C2O)F)C3=CC=CC=C3NC(=O)NC4=CC=C(C=C4)OC(F)(F)F)CC,-1.14
P47900,CC(C)CCN1CCC(CC1)COC2=CC(=C(C=C2)NC(=O)NC3=C(N=CC=C3)OC4=CC=CC=C4C(C)(C)C)F,-2.083
P47900,CC(C)(C)CN1CCC2(CC1)CN(C3=C2C=NC=C3)C4=CC=CC=C4NC(=O)NC5=CC=C(C=C5)OC(F)(F)F,-2.683
P47900,CC(C)(C)CN1CCC2(CC1)CN(C3=C2C(=C(C=C3O)F)Cl)C4=CC=CC=C4NC5=NN=C(S5)C6=CC=C(C=C6)OC(F)(F)F,-1.362
P47900,C1C(COC(C1OP(=O)(O)O)COP(=O)(O)O)N2C=NC3=C2N=CN=C3N,-3.476
P47900,CC1(CN(C2=C(C=CC(=C21)C3=CN=C(C=C3)C(F)(F)F)O)C4=CC=CC=C4NC(=O)NC5=CC=C(C=C5)OC(F)(F)F)C,-0.898
P47900,CC1(CN(C2=C(C=CC(=C21)C(F)(F)F)O)C3=C(C=C(C=C3)F)NC(=O)NC4=NC5=C(S4)C=C(C=C5)F)C,-1.318
P47900,CC(C)CN1CCC2(CC1)CN(C3=C(C=CC(=C23)Cl)O)C4=CC=CC=C4NC(=O)NC5=NC6=C(S5)C=C(C=C6)Cl,-0.892
P47900,CC(C)(C)CN1CCC(CC1)NC(=O)NC2=CC=CC=C2N3CC4(CCN(CC4)CC(C)(C)C)C5=C(C=CC(=C53)O)C(F)(F)F,-1.17
P47900,CC(C)(C)C1=CC=CC=C1OC2=C(C=CC=N2)NC3=NC(=C(S3)C4=CC(=CC=C4)OCC(C)(C)CN(C)C)C(F)(F)F,-1.079
P47900,CCC1C(C(C2=CC=CC=C2N1C(=O)C3=CC=C(C=C3)Br)NC4=CC=CC=C4)C,-2.653
P47900,CC(C)C1=NSC(=N1)NC(=O)NC2=CC=CC=C2N3CC4(CCN(CC4)CC(C)(C)C)C5=C(C=CC(=C53)O)Cl,-0.643
P47900,C1=NC2=C(C(=N1)N)N=CN2C3C(C(C(O3)COP(=S)([O-])OP(=O)(C(P(=O)([O-])OP(=O)(OCC4C(C(C(O4)N5C=NC6=C5N=CN=C6N)O)O)[S-])Cl)[O-])O)O.[Na+].[Na+].[Na+].[Na+],-4.009
P47900,CCC1C(C(C2=CC=CC=C2N1C(=O)C3=CC=C(C=C3)OC(F)(F)F)NC4=CC=CC=C4)C,-2.74
P47900,CC(C)(C)C1=CC=CC=C1OC2=C(C=CC=N2)NC(=O)NC3=CC=C(C=C3)OCC(C)(C)CN(C)C,-2.137
P47900,CC1=C(C=C(C=C1)C(=O)NC2=C3C(=CC(=CC3=C(C=C2)S(=O)(=O)O)S(=O)(=O)O)S(=O)(=O)O)NC(=O)C4=CC(=CC=C4)NC(=O)NC5=CC=CC(=C5)C(=O)NC6=C(C=CC(=C6)C(=O)NC7=C8C(=CC(=CC8=C(C=C7)S(=O)(=O)O)S(=O)(=O)O)S(=O)(=O)O)C,-3.7
P47900,CC(C)(C)CN1CCC2(CC1)CN(C3=C(C=CC(=C23)C(F)(F)F)O)C4=CC=CC=C4NC5=NN=C(S5)C6=CC=C(C=C6)C(C)(C)C,-1.415
P47900,CC(C)(C)CN1CCC2(CC1)CN(C3=C(C=CC(=C23)Cl)O)C4=CC=CC=C4NC(=O)NC5=CSC(=N5)Cl,-0.465
P47900,CC(C)(C)CN1CCC2(CC1)CN(C3=C(C=CC(=C23)C(F)(F)F)O)C4=CC=CC=C4NC(=O)NC5=NC6=C(S5)C=C(C=C6)OC,-1.161
P47900,CCCCCC1=CC=C(C=C1)NC(=O)NC2=CC=CC3=C2OC(=C3)C4=CC=CC=C4C(C)C,-2.146
P47900,CCC1C(C(C2=CC=CC=C2N1C(=O)NC3=CC=C(C=C3)OC)NC4=CC=CC=C4)C,-3.778
P47900,CC(C)(C)CN1CCC2(CC1)CN(C3=C(C=CC(=C23)F)O)C4=CC=CC=C4NC(=O)NC5=NC6=C(S5)N=C(C=C6)OC,-0.58
P47900,CC(C)(C)CN1CCC2(CC1)CN(C3=C2C(=C(C=C3O)F)C4=CN=C(C=C4)C(F)(F)F)C5=CC=CC=C5NC(=O)NC6=CC=C(C=C6)OC(F)(F)F,-2.3
P47900,CC(C)(C)CN1CCC2(CC1)CN(C3=C(C=CC(=C23)Cl)O)C4=C(C=CC=N4)NC(=O)NC5=NC6=C(S5)C=C(C=C6)F,-1.412
P47900,CCC1(CN(C2=C(C=CC(=C21)C(F)(F)F)O)C3=CC=CC=C3NC(=O)NC4=CC=C(C=C4)C5CCN(CC5)CC(C)(C)C)CC,-0.799
P47900,C1CNCCC12CN(C3=CC=CC=C23)C4=CC=CC=C4NC(=O)NC5=CC=C(C=C5)OC(F)(F)F,-3.653
P47900,CC1(CN(C2=C1C(=C(C=C2O)F)C3=CC=C(C=C3)Cl)C4=CC=CC=C4NC(=O)NC5=NC6=C(S5)N=C(C=C6)F)C,-1.334
P47900,CC(C)(C)CN1CCC2(CC1)CN(C3=CC=CC=C23)C4=CC=CC=C4NC5=NC(=C(S5)C6=CC=CC=C6)C(F)(F)F,-0.898
P47900,CNC1=NC=NC2=C1N=CN2C3C(C(C(O3)COP(=O)(O)OP(=O)(O)OP(=O)(O)O)O)O,-4.279
P47900,CCN(CC)S(=O)(=O)C1=C2C(=C(C=C1)O)N(CC23CCN(CC3)CC(C)(C)C)C4=CC=CC=C4NC(=O)NC5=NC6=C(S5)C=C(C=C6)Cl,-1.199
P47900,C1C(C(OC1N2C=NC3=C2N=CN=C3N)COP(=O)(CP(=O)([O-])OP(=O)(CP(=O)([O-])OCC4C(CC(O4)N5C=NC6=C5N=CN=C6N)O)[O-])[O-])O.[Na+].[Na+].[Na+].[Na+],-4.477
P47900,CCCSC1=NC2=C(C(=N1)N)N=CN2C3CC(C(O3)COP(=O)(O)O)OP(=O)(O)O,-3.233
P47900,CCC1=CC=CC=C1N2C(=CC(=N2)C)OC3=CC=CC=C3NC(=O)NC4=CC=C(C=C4)C(C)C,-1.301
P47900,CC(C)(C)CN1CCC2(CC1)CN(C3=C2C(=C(C=C3O)F)C4=CN=C(C=C4)C(F)(F)F)C5=CC=CC=C5NC(=O)NC6=CSC(=N6)C(F)(F)F,-2.449
P47900,CC(C)(C)CN1CCC2(CC1)CN(C3=C(C=CC(=C23)C(F)(F)F)O)C4=CC=CC=C4NC(=O)NC5=CC=C(C=C5)C(F)(F)F,-0.643
P47900,CC(C)(C)CN1CCC2(CC1)CN(C3=C(C=CC(=C23)C(F)(F)F)O)C4=CC=CC=C4NC(=O)NC5=NC6=C(S5)N=C(C=C6)Cl,-1.127
P47900,CC1(CN(C2=C(C=CC(=C21)C(F)(F)F)O)C3=CC=CC=C3NC(=O)NC4=NC5=C(S4)C=C(C=C5)Cl)C,-1.373
P47900,CC(C)(C)C1=CC=CC=C1OC2=C(C=CC=N2)NC3=NC(=C(S3)C4=CC=C(C=C4)OC(F)(F)F)C(F)(F)F,-1.079
P47900,CCC1=CC=CC=C1N2C(=CC(=N2)C)OC3=CC=CC=C3NC(=O)NC4=CC=C(C=C4)OC5=CC=CC=C5,-2.255
P47900,CC1(CCN(C2=CC=CC=C21)C3=C(C=CC=N3)NC(=O)NC4=CC=C(C=C4)OC(F)(F)F)C,-3.745
P47900,CCOC(=O)C1(CN(C2=C(C=CC(=C21)Cl)O)C3=CC=CC=C3NC(=O)NC4=NC5=C(S4)N=C(C=C5)Cl)C,-2.484
P47900,CC1(CN(C2=CC=CC=C21)C3=CC=CC=C3NC(=O)NC4=C(N=CC=C4)OC5=CC=CC=C5C(C)(C)C)C,-2.88
P47900,CC1=CC2=C(C=C1)N=C(S2)NC(=O)NC3=CC=CC=C3N4CC5(CCN(CC5)CC(C)(C)C)C6=C(C=CC(=C64)O)C#N,-1.072
P47900,CC(C)(C)C1=CC=CC=C1OC2=C(C=CC=N2)NC(=O)NC3=CC=C(C=C3)OC(F)(F)F,-0.778
P47900,CCC1(CN(C2=C(C=CC(=C21)Cl)O)C3=CC=CC=C3NC(=O)NC4=NC5=C(S4)CN(CC5)CC(C)C)CC,-1.124
P47900,C1=NC2=C(C(=N1)N)N=CN2C3C(C(C(O3)COP(=O)(CP(=O)([O-])OP(=O)(CP(=O)([O-])OCC4C(C(C(O4)N5C=NC6=C5N=CN=C6N)O)O)[O-])[O-])O)O.[Na+].[Na+].[Na+].[Na+],-3.954
P47900,CC(C)(C)C1=CC=CC=C1OC2=C(C=CC=N2)NC3=NC(=C(S3)C4=CC=CC=C4)C(C)(C)C,-1.491
P47900,CC(C)(C)CN1CCC2(CC1)CN(C3=C(C(=CC(=C23)Cl)F)O)C4=CC=CC=C4NC(=O)NC5=NC6=C(S5)C=C(C=C6)F,-0.898
P47900,CC1(CN(C2=C(C=CC(=C21)SC(C)(C)C)O)C3=CC=CC=C3NC(=O)NC4=CC=C(C=C4)OC(F)(F)F)C,-1.508
P47900,CC(C)CN1CCC(CC1)COC2=CC=C(C=C2)NC(=O)NC3=C(N=CC=C3)OC4=CC=CC=C4C(C)(C)C,-1.94
P47900,CC1(CN(C2=C1C(=C(C=C2O)F)C3=CC=C(C=C3)Cl)C4=CC=CC=C4NC(=O)NC5=CSC(=N5)Cl)C,-1.176
P47900,CC(C)(C)CN1CCC2(CC1)CN(C3=C2C(=C(C=C3O)F)C4=CC=C(C=C4)F)C5=CC=CC=C5NC(=O)NC6=CC=C(C=C6)OC(F)(F)F,-1.352
P47900,CC(C)(C)CN1CCC2(CC1)CN(C3=C(C(=CC(=C23)Cl)F)O)C4=CC=CC=C4NC(=O)NC5=NC6=C(S5)C=C(C=C6)Cl,-1.107
P47900,CNC1=NC(=NC2=C1N=CN2C3CC(C4(C3C4)COP(=O)(O)O)OP(=O)(O)O)Cl,-1.435
P47900,CC(C)(C)CN1CCC2(CC1)CN(C3=C2C(=C(C=C3O)F)Cl)C4=CC=CC=C4NC(=O)NC5=NC6=C(S5)C=C(C=C6)Cl,-1.364
P47900,C1C(C(OC1N2C=NC3=C2N=CN=C3N)COP(=O)(O)O)OP(=O)(O)O,-3.78
P47900,CC(C)(C)CN1CCC2(CC1)CN(C3=C(C=CC(=C23)C(=O)OC)O)C4=CC=CC=C4NC5=NN=C(S5)C6=CC=C(C=C6)C(C)(C)C,-0.903
P47900,CCC1(CN(C2=C(C=CC(=C21)F)O)C3=CC=CC=C3NC(=O)NC4=NC(=NS4)SCC)CC,-0.881
P47900,CC(C)(C)CN1CCC2(CC1)CN(C3=C(C=CC(=C23)C(F)(F)F)O)C4=C(C=CC=N4)NC(=O)NC5=NC6=C(S5)N=C(C=C6)Cl,-0.857
P47900,CNC1=NC(=NC2=C1N=CN2C3CC(C4(C3C4)CO)OP(=O)(O)O)I,-3.19
P47900,CC(C)(C)CN1CCC2(C1)CN(C3=CC=CC=C23)C4=CC=CC=C4NC(=O)NC5=CC=C(C=C5)OC(F)(F)F,-3.966
P47900,CCSC1=NC2=C(C(=N1)N)N=CN2C3C(C(C(O3)COP(=S)([O-])OP(=O)(C(P(=O)([O-])OP(=O)(OCC4C(C(C(O4)N5C=NC6=C5N=C(N=C6N)SCC)O)O)[S-])Cl)[O-])O)O.[Na+].[Na+].[Na+].[Na+],-3.982
P47900,CCC1(CN(C2=C1C=CC(=C2O)F)C3=CC=CC=C3NC(=O)NC4=CC=C(C=C4)C5CCN(CC5)CC(C)(C)C)CC,-0.94
P47900,CC1=C(C=CC(=C1)C2=C(C=C(C3=C2C(CN3C4=CC=CC=C4NC(=O)NC5=CC=C(C=C5)OC(F)(F)F)(C)C)O)F)F,-1.057
P47900,C1=NC2=C(C(=N1)N)N=CN2C3C(C(C(O3)COP(=O)(O)O)O)O,-3.638
P47900,CC(C)(C)CN1CCC2(CC1)CN(C3=C2C(=CC(=C3O)F)C4=CC=C(C=C4)Cl)C5=CC=CC=C5NC(=O)NC6=CC=C(C=C6)OC(F)(F)F,-1.305
P47900,CC(C)(C)CN1CCC2(CC1)CN(C3=C(C=CC(=C23)Cl)O)C4=CC=CC=C4NC5=NN=C(S5)C6=CC=CC=C6Cl,-1.447
P47900,CCC1=C(N(N=C1C(=O)NN2CCCCC2)C3=C(C=C(C=C3)Cl)Cl)C4=CC=C(C=C4)Br,-3
P47900,CSC1=NC2=C(C(=N1)N)N=CN2C3C(C(C(O3)COP(=O)(O)OP(=S)(O)O)O)O,-1.568
P47900,CC1(CN(C2=C(C=CC(=C21)Br)O)C3=CC=CC=C3NC(=O)NC4=CSC(=N4)Cl)C,-1.387
P47900,C1CN(CCC12CN(C3=CC=CC=C23)C4=CC=CC=C4NC(=O)NC5=CC=C(C=C5)OC(F)(F)F)CC6=CC=CC=C6,-3.519
P47900,CC(C)N1CCC2(CC1)CN(C3=CC=CC=C23)C4=C(C=CC=N4)NC(=O)NC5=CC=C(C=C5)OC(F)(F)F,-3.724
P47900,CC(C)(C)C1=CC=CC=C1OC2=C(C=CC=N2)NC3=NC=C(S3)C4=CC=CC=C4,-1.176
P47900,CSC1=NC2=C(C(=N1)N)N=CN2C3C4CC4(C(C3O)O)COP(=O)(O)O,-2.771
P47900,CNC1=NC(=NC2=C1N=CN2C3CC(C4(C3C4)COP(=O)(O)O)OP(=O)(O)O)F,-2.302
P47900,CC(C)(C)CN1CCC2(CC1)CN(C3=C(C=CC(=C23)Cl)O)C4=CC=CC=C4NC(=O)NC5=NC6=C(S5)CCC6,-0.792
P47900,CC1=NOC(=N1)C2=C(N=C(S2)NC3=C(N=CC=C3)OC4=CC=CC=C4C(C)(C)C)C(F)(F)F,-0.778
P47900,CC(C)(C)CN1CCC2(CC1)CN(C3=C(C=CC(=C23)C(F)(F)F)O)C4=CC=CC=C4NC(=O)NC5=C(C=C(C=C5)F)F,-0.505
P47900,CC(C)(C)CN1CCC2(CC1)CN(C3=C(C(=CC(=C23)Cl)F)O)C4=CC=CC=C4NC5=NN=C(S5)C6=CC=C(C=C6)OC(F)(F)F,-1.839
P47900,C1=CC(=CC(=C1)OC2=C(C=CC=N2)NC(=O)NC3=CC(=C(C=C3)Cl)Cl)C(F)(F)F,-1.924
P47900,CC(C)CN1CCC2(CC1)CN(C3=C(C=CC(=C23)C(F)(F)F)O)C4=CC=CC=C4NC(=O)NC5=CC=C(C=C5)OC(F)(F)F,-1.025
P47900,CC(C)(C)C1=CC=CC=C1OC2=C(C=CC=N2)NC3=NC(=C(S3)C4=CC(=CC=C4)O)C(F)(F)F,-2.29
P47900,C1=NC2=C(C(=N1)N)N=CN2C3C(C(C(O3)COP(=O)(O)OP(=S)(O)O)O)O,-3.104
P47900,CNC1=NC(=NC2=C1N=CN2CCC(COP(=O)(O)O)COP(=O)(O)O)Cl,-2.924
P47900,CC(C)(C)CN1CCC2(CC1)CN(C3=C(C=CC(=C23)C(F)(F)F)O)C4=CC=CC=C4NC(=O)NC5CCC(CC5)C(C)(C)C,-0.982
P47900,CC(C)(C)C1=CC=CC=C1C2=CC3=C(O2)C(=CC=C3)NC(=O)NC4=CC=C(C=C4)OC(F)(F)F,-3.342
P47900,C1C2C1(C(C(C2N3C=NC4=C3N=CN=C4N)O)O)COP(=O)(O)OP(=O)(CP(=O)(O)O)O,-2.199
P47900,CC(C)C1=CC=CC=C1C2=CC3=C(O2)C(=CC=C3)NC(=O)NC4=CC=C(C=C4)OC(F)(F)F,-3.362
P47900,CC1(CN(C2=C1C(=C(C=C2O)F)C3=COC(=N3)C(C)(C)C)C4=CC=CC=C4NC(=O)NC5=CC=C(C=C5)OC(F)(F)F)C,-1.666
P47900,CCC1(CN(C2=C(C=CC(=C21)F)O)C3=CC=CC=C3NC(=O)NC4=CC=C(C=C4)C(C)(C)C)CC,-0.708
P47900,CC1=C(N=CC(=C1)C2=C(C=C(C3=C2C(CN3C4=CC=CC=C4NC(=O)NC5=CC=C(C=C5)OC(F)(F)F)(C)C)O)F)F,-0.944
P47900,CC(C)(C)C1=CC=CC=C1OC2=C(C=CC=N2)NC3=NC=C(O3)C4=CC=CC=C4,-1.771
P47900,CC(C)(C)CN1CCC2(CC1)CN(C3=C(C=CC(=C23)C(F)(F)F)O)C4=CC=CC=C4NC(=O)NC5=CC=C(C=C5)C(C)(C)C,-0.898
P47900,CC(C)(C)CN1CCC2(CC1)CN(C3=C(C=CC(=C23)F)O)C4=CC=CC=C4NC(=O)NC5=CC=C(C=C5)C(C)(C)C,-0.602
P47900,CC(C)CN1CCC(CC1)C2=CC=CC=C2OC3=C(C=CC=N3)NC(=O)NC4=CC=C(C=C4)OC(F)(F)F,-2.176
P47900,CC(C)C1=CC=CC=C1C2=CC3=C(O2)C(=CC=C3)NC(=O)NC4=CC=C(C=C4)N(C)C,-4.199
P47900,CNC1=NC(=NC2=C1N=CN2C3CC(C3COP(=O)(O)O)OP(=O)(O)O)Cl,-2.906
P47900,CC(C)CN1CCC(CC1)C2=CC=C(C=C2)NC(=O)NC3=CC=CC=C3N4CC(C5=C(C=CC(=C54)O)C6=CC=C(C=C6)F)(C)C,-1.433
P47900,CC(C)(C)CN1CCC2(CC1)CN(C3=C(C=CC(=C23)C#N)O)C4=CC=CC=C4NC(=O)NC5=CC=C(C=C5)C(C)(C)C,-1.394
P47900,CCC1(CN(C2=C(C=CC(=C21)Br)O)C3=CC=CC=C3NC(=O)NC4=CC=C(C=C4)OC(F)(F)F)CC,-1.274
P47900,CC(C)(C)CN1CCC2=C(C1)C=CC=C2OC3=C(C=CC=N3)NC(=O)NC4=CC=C(C=C4)OC(F)(F)F,-1.041
P47900,C1C(C(OC1N2C=NC3=C2N=C(N=C3N)Cl)COP(=O)(O)O)OP(=O)(O)O,-3.124
P47900,CC1=NN(C(=C1)OC2=CC=CC=C2NC(=O)NC3=CC=C(C=C3)OC(F)(F)F)C4=CC=CC=C4C(C)C,-1.778
P47900,C1CN(CC2=C1C(=CC=C2)OC3=C(C=CC=N3)NC(=O)NC4=CC=C(C=C4)OC(F)(F)F)CC5=CC=C(C=C5)O,-3.531
P47900,CC1(CN(C2=C1C(=C(C=C2O)F)C3=CN=C(N=C3)C(C)(C)C)C4=CC=CC=C4NC(=O)NC5=CC=C(C=C5)OC(F)(F)F)C,-1.117
P47900,CNC1=NC=NC2=C1N=CN2C3CC(C(O3)COP(=O)(O)[O-])OP(=O)(O)[O-].[NH4+].[NH4+],-2.706
P47900,CC(C)(C)CN1CCC2(CC1)CN(C3=C2C=CC=C3O)C4=CC=CC=C4NC(=O)NC5=CC=C(C=C5)OC(F)(F)F,-0.602
P47900,CC1(CN(C2=C(C=CC(=C21)C3=CC=C(C=C3)Cl)O)C4=CC=CC=C4NC(=O)NC5=CC=C(C=C5)OC(F)(F)F)C,-0.826
P47900,CC1(CN(C2=C(C=CC(=C21)C(F)(F)F)O)C3=CC=CC=C3NC(=O)NC4=C(C=C(C=C4)F)F)C,-0.716
P47900,CC(C)N1CCC(CC1)COC2=CC(=C(C=C2)NC(=O)NC3=C(N=CC=C3)OC4=CC=CC=C4C(C)(C)C)F,-2.995
P47900,CC1=C(C=C(C=C1)NC(=O)NC2=CC=CC3=C2OC(=C3)C4=CC=CC=C4C(C)C)C(F)(F)F,-3.204
P47900,C1=CC(=CC(=C1)OC2=C(C=CC=N2)NC(=O)NC3=CC=C(C=C3)C#N)C(F)(F)F,-2.757
P47900,CC(C)(C)C1=CC=CC=C1OC2=C(C=CC=N2)NC3=NC(=C(S3)C4=CC=CC=C4O)C(F)(F)F,-2.638
P47900,CC1(CN(C2=C(C=CC(=C21)C(=O)OC)O)C3=CC=CC=C3NC(=O)NC4=CC=C(C=C4)OC(F)(F)F)C,-0.954
P47900,CCC1C(C(C2=CC=CC=C2N1C(=O)C3=CC=CC=C3)NC4=CC=CC=C4)C,-4.398
P47900,CC(C)(C)C1=CC=CC=C1OC2=C(C=CC=N2)NC(=O)NC3=CC=C(C=C3)N4CCN(CC4)C,-2.772
P47900,CC(C)(C)CN1CCC2(CC1)CN(C3=C2C(=C(C=C3O)F)Cl)C4=CC=CC=C4NC(=O)NC5=NC6=C(S5)N=C(C=C6)Cl,-1.086
P47900,CCCCCCSC1=NC2=C(C(=N1)N)N=CN2C3C(C(C(O3)COP(=O)(O)O)O)O,-1.778
P47900,CC1(CN(C2=C(C=CC(=C21)Br)O)C3=CC=CC=C3NC(=O)NC4=CC=C(C=C4)OC(F)(F)F)C,-1.14
P47900,CC1(CN(C2=C1C(=C(C=C2O)F)C3=CC=C(C=C3)Cl)C4=CC=CC=C4NC(=O)NC5=CC=C(C=C5)C6CCN(CC6)CC(C)(C)C)C,-1.137
P47900,CC(C)(C)C1=CC=CC=C1OC2=C(C=CC=N2)NC(=O)NC3=C(C=C(C=C3)C4=CC=CC=C4CN(C)C)F,-1.23
P47900,CC(C)(C)CN1CCC2(CC1)CN(C3=C(C=CC(=C23)C(=O)OC)O)C4=CC=CC=C4NC(=O)NC5=NC6=C(S5)C=C(C=C6)F,-0.94
P47900,CC1=NC(=CS1)NC(=O)NC2=CC=CC=C2N3CC(C4=C(C=CC(=C43)O)C5=CC=C(C=C5)F)(C)C,-0.763
P47900,C1C2C1(CC(C2COP(=O)(O)O)OP(=O)(O)O)N3C=NC4=C3N=CN=C4N,-4.469
P47900,CC1(CN(C2=CC=CC=C21)C3=C(C=CC=N3)NC(=O)NC4=CC=C(C=C4)OC(F)(F)F)C,-1.304
P47900,CC(C)(C)CN1CC2=C(C1)C(=CC=C2)OC3=C(C=CC=N3)NC(=O)NC4=CC=C(C=C4)OC(F)(F)F,-1.462
P47900,CC1=NN(C(=C1)OC2=CC=CC=C2NC(=O)NC3=CC=C(C=C3)OC(F)(F)F)C4=CC=C(C=C4)Cl,-2.398
P47900,CC1=CC=C(C=C1)C2=CN=C(C=C2)NC3=CC=CC=C3N4CC5(CCN(CC5)CC(C)(C)C)C6=C(C=CC(=C64)O)Cl,-2.535
P47900,CC1(CN(C2=C(C=CC(=C21)Cl)O)C3=CC=CC=C3NC(=O)NC4=CC=C(C=C4)OC(F)(F)F)C,-0.94
P47900,CC(C)(C)C1=CC=CC=C1OC2=C(C=CC=N2)NC3=NC(=C(S3)C#N)C(F)(F)F,-1.322
P47900,CC1(CN(C2=C1C(=C(C=C2O)F)C3=CC(=CC=C3)CN4CCOCC4)C5=CC=CC=C5NC(=O)NC6=CC=C(C=C6)OC(F)(F)F)C,-1.228
P47900,CC(C)(C)CN1CCC2(CC1)CN(C3=C(C=CC(=C23)Cl)O)C4=CC=CC=C4NC5=NC(=C(S5)C#N)C(C)(C)C,-0.954
P47900,CCC1C(C(C2=CC=CC=C2N1C(=O)NC3=CC(=CC(=C3)Cl)Cl)NC4=CC=CC=C4)C,-2.525
P47900,CC(C)(C)C1=CC=CC=C1OC2=C(C=CC=N2)NC3=NN=C(S3)C4=CC=CC=C4,-1.041
P47900,CC(C)CN1CCCC1C2=CC=C(C=C2)NC(=O)NC3=CC=CC=C3N4CC5(CCN(CC5)CC(C)(C)C)C6=C(C=C(C(=C64)O)F)Cl,-1.152
P47900,CC1(CN(C2=CC=CC=C2O1)C3=CC=CC=C3NC(=O)NC4=CC=C(C=C4)OC(F)(F)F)C,-1.591
P47900,CNC1=NC(=NC2=C1N=CN2C3CC(C(OC3)COP(=O)(O)O)OP(=O)(O)O)Cl,-2.753
P47900,CC(C)(C)CN1CCC2(CC1)CN(C3=C(C=CC(=C23)C(F)(F)F)O)C4=CC=CC=C4NC5=NN=C(S5)C6=CC=CC=N6,-1.041
P47900,CC1=CC2=C(C=C1)N=C(S2)NC(=O)NC3=CC=CC=C3N4CC5(CCN(CC5)CC(C)(C)C)C6=C(C=CC(=C64)O)Cl,-0.748
P47900,CC1(CN(C2=C(C=CC(=C21)C(F)(F)F)O)C3=CC=CC=C3NC(=O)NC4=NC5=C(S4)CN(CC5)CC(C)(C)C)C,-0.903
P47900,COC1=CC=C(C=C1)NC(=O)NC2=C(N=CC=C2)OC3=CC=CC(=C3)C(F)(F)F,-1.322
P47900,CC1(CN(C2=C(C=CC(=C21)C(F)(F)F)O)C3=CC=CC=C3NC(=O)NC4=CC=C(C=C4)OC(F)(F)F)C,-0.699
P47900,CC1=C(N=C(S1)NC2=C(N=CC=C2)OC3=CC=CC=C3C(C)(C)C)C(F)(F)F,-1.041
P47900,CC1(CN(C2=C(C=CC(=C21)Cl)O)C3=CC=CC=C3NC(=O)NC4=CC=C(C=C4)C(F)(F)F)C,-0.919
P47900,CCC1(CN(C2=C(C=CC(=C21)Cl)O)C3=CC=CC=C3NC(=O)NC4=CC=C(C=C4)C5CCN(CC5)CC(C)C)CC,-0.82
P47900,CNC1=NC(=NC2=C1N=CN2C3CC(C4(C3C4)COP(=O)(O)O)OP(=O)(O)O)Br,-1.323
P47900,CCC1(CN(C2=C(C=CC(=C21)C(F)(F)F)O)C3=CC=CC=C3NC(=O)NC4=CC=C(C=C4)OC(F)(F)F)CC,-0.881
P47900,CC1(CN(C2=C1C(=C(C=C2O)F)C3=CC=C(C=C3)F)C4=CC=CC=C4NC(=O)NC5=CSC(=N5)Cl)C,-0.69
P47900,CNC1=NC=NC2=C1N=CN2C3C4CC4(C(C3O)O)COP(=O)(O)OP(=O)(O)OP(=O)(O)O,-1.519
P47900,CC(C)(C)CN1CCC2(CC1)CN(C3=C(C=CC(=C23)Cl)O)C4=CC=CC=C4NC(=O)NC5=C(C=C(C=C5)F)F,-0.982
P47900,C1=NC2=C(C(=N1)N)N=CN2C3C(C(C(O3)COP(=S)(O)OP(=O)(O)O)O)O,-2.021
P47900,CC(C)(C)CN1CCC2(CC1)CN(C3=C(C=CC(=C23)C(F)(F)F)O)C4=CC=CC=C4NC(=O)NC5=CSC(=C5)Cl,-0.863
P47900,CC(C)(C)CN1CCC2(CC1)CN(C3=C2C=CC(=C3O)F)C4=CC=CC=C4NC(=O)NC5=CC=C(C=C5)C(C)(C)C,-0.954
P47900,CC(C)(C)C1=CC=CC=C1OC2=C(C=CC=N2)NC3=NC(=C(S3)C4=CC=CC=C4)C(=O)N(C)C,-2.27
P47900,CC1=CC=CC=C1C2=C(N=C(S2)NC3=C(N=CC=C3)OC4=CC=CC=C4C(C)(C)C)C(F)(F)F,-1.041
P47900,CC(C)(C)CN1CCC2(CC1)CN(C3=C2C(=CC(=C3O)F)C4=CC=C(C=C4)C(F)(F)F)C5=CC=CC=C5NC(=O)NC6=CC=C(C=C6)OC(F)(F)F,-1.589
P47900,CC(C)(C)CN1CCC2(CC1)CN(C3=C(C=CC(=C23)Cl)O)C4=CC=CC=C4NC5=NOC(=C5)C6=CC=C(C=C6)C(F)(F)F,-1.778
P47900,CC(C)(C)CN1CCC2(CC1)CN(C3=C2C(=C(C=C3O)F)C4=CC=C(C=C4)Cl)C5=CC=CC=C5NC(=O)NC6=NC7=C(S6)C=C(C=C7)F,-1.75
P47900,CC(C)(C)C1=CC=CC=C1OC2=C(C=CC=N2)NC(=O)NC3=C(C=C(C=C3)C4=CC=CC=C4CO)F,-1.732
P47900,C1C(CC(C1COP(=O)(O)O)OP(=O)(O)O)N2C=NC3=C2N=CN=C3N,-3.688
P47900,CC1(CN(C2=C(C(=CC(=C21)Br)F)O)C3=CC=CC=C3NC(=O)NC4=CC=C(C=C4)OC(F)(F)F)C,-1.258
P47900,C1=CC=C(C=C1)N2C(=CC=N2)OC3=CC=CC=C3NC(=O)NC4=CC=C(C=C4)OC(F)(F)F,-2.431
P47900,CC(C)(C)CN1CCC2(CC1)CN(C3=CC=CC=C23)C4=CC=CC=C4NC(=O)NC5=CC=C(C=C5)OC(F)(F)F,-2.528
P47900,CC(C)(C)CN1CCC2(CC1)CN(C3=C(C=CC(=C23)C(=O)OC)O)C4=CC=CC=C4NC(=O)NC5=CC=C(C=C5)OC(F)(F)F,-0.66
P47900,CSC1=NC2=C(C(=N1)N)N=CN2C3C4CC4(C(C3O)O)COP(=O)(O)OP(=O)(O)OP(=O)(O)O,-1.362
P47900,CC(C)N1CCC2(CC1)CN(C3=CC=CC=C23)C4=CC=CC=C4NC(=O)NC5=CC=C(C=C5)OC(F)(F)F,-3.398
P47900,CC1=C(ON=C1C)NS(=O)(=O)C2=CC=C(C=C2)NC(=O)NC3=CC(=C(C=C3)F)Cl,-4.623
P47900,CNC1=NC(=NC2=C1N=CN2C3CC(C(O3)COP(=O)(O)O)OP(=O)(O)O)Cl,-2.314
P47900,CC1=C(C=NN1C2=CC=CC=C2)C3=C(C=C(C4=C3C(CN4C5=CC=CC=C5NC(=O)NC6=CC=C(C=C6)OC(F)(F)F)(C)C)O)F,-1.246
P47900,CC(C)(C)C1=CC=CC=C1OC2=C(C=CC=N2)NC3=NN=C(S3)C4=CC=C(C=C4)OC(F)(F)F,-1
P47900,CCCSC1=NC2=C(C(=N1)N)N=CN2C3C(C(C(O3)COP(=S)([O-])OP(=O)(C(P(=O)([O-])OP(=O)(OCC4C(C(C(O4)N5C=NC6=C5N=C(N=C6N)SCCC)O)O)[S-])Cl)[O-])O)O.[Na+].[Na+].[Na+].[Na+],-3.799
P47900,CC(C)(C)C1=CC=CC=C1OC2=C(C=CC=N2)NC3=NC(=C(S3)C4=CC=CC=C4F)C(F)(F)F,-0.845
P47900,CC(C)(C)CN1CCC2(CC1)CN(C3=C(C=CC(=C23)C(F)(F)F)O)C4=CC=CC=C4NC5=NN=C(S5)C6=CC=C(C=C6)C(F)(F)F,-1.204
P47900,C1=CC=C(C=C1)C2=CC=C(C=C2)NC(=O)NC3=C(N=CC=C3)OC4=CC=CC(=C4)C(F)(F)F,-1.447
P47900,CNC1=NC=NC2=C1N=CN2C3CC(C(OC3)COP(=O)(O)OP(=O)(O)OP(=O)(O)O)O,-3.768
P47900,CC1=CC=C(C=C1)NC(=O)NC2=C(N=CC=C2)SC3=CC=CC=C3C(C)(C)C,-1.301
P47900,CCCCC=CC1=NC2=C(C(=N1)NC)N=CN2C3CC(C4(C3C4)COP(=O)(O)O)OP(=O)(O)O,-3.041
P47900,CCN1CCC2=C(C1)SC(=N2)NC(=O)NC3=CC=CC=C3N4CC(C5=C(C=CC(=C54)O)C(F)(F)F)(C)C,-1.27
P47900,CC(C)N1CCC2(CC1)CN(C3=C(C=CC(=C23)C(F)(F)F)O)C4=CC=CC=C4NC(=O)NC5=CC=C(C=C5)OC(F)(F)F,-1.158
P47900,CC(C)C1=CC=CC=C1OC2=C(C=CC=N2)NC(=O)NC3=C(C=C(C=C3)F)F,-1.447
P47900,CC(C)CN1CCC2=C(C1)C=CC=C2OC3=C(C=CC=N3)NC(=O)NC4=CC=C(C=C4)OC(F)(F)F,-1.778
P47900,CC1(CN(C2=C(C=CC(=C21)C3=CC(=CC(=C3)F)F)O)C4=CC=CC=C4NC(=O)NC5=CC=C(C=C5)OC(F)(F)F)C,-0.708
P47900,CC1(CN(C2=C1C(=C(C=C2O)F)C3=CC=C(C=C3)C#N)C4=CC=CC=C4NC(=O)NC5=CC=C(C=C5)OC(F)(F)F)C,-0.869
P47900,C1=NC2=C(C(=N1)N)N=CN2C3C(C(C(O3)COP(=S)(O)OP(=O)(O)OP(=O)(O)O)O)O,-3.798
P47900,CC(C)(C)CN1CCC2(CC1)CN(C3=C(C=CC(=C23)Cl)O)C4=CC=CC=C4NC5=NN=C(S5)C6=CC(=NN6C)C(C)(C)C,-1.519
P47900,CC1=CC=C(C=C1)NC(=O)NC2=C(N=CC=C2)OC3=CC=CC(=C3)C(F)(F)F,-1.681
P47900,CC(C)(C)C1=CC=CC=C1OC2=C(C=CC=N2)NC3=NC(=C(S3)C4=CC=CC=C4)C(F)(F)F,-0.845
P47900,CC1(CN(C2=C1C(=C(C=C2O)F)C3=CN=C(C=C3)C(F)(F)F)C4=CC=CC=C4NC(=O)NC5=NC6=C(S5)C=C(C=C6)F)C,-0.756
P47900,CC(C)(C)CN1CCC2(CC1)CN(C3=C(C=CC(=C23)C#N)O)C4=CC=CC=C4NC(=O)NC5=CSC(=N5)Cl,-0.568
P47900,CSC1=NC2=C(C(=N1)N)N=CN2C3C(C(C(O3)COP(=S)(O)OP(=O)(O)O)O)O,-0.991
P47900,C1CN(CC2=C1C(=CC=C2)OC3=C(C=CC=N3)NC(=O)NC4=CC=C(C=C4)OC(F)(F)F)CC5=CC=CC=C5,-1.74
P47900,CC1=C(ON=C1C)NS(=C)(=C)C2=CC=C(C=C2)NC(=O)NC3=CC(=C(C=C3)Cl)Cl,-2.146
P47900,CC(C)(C)CN1CCC2(CC1)CN(C3=C(C=CC(=C23)Cl)O)C4=CC=CC=C4NC5=NC=C(N=C5)C6=CC=CC=C6,-1.69
P47900,CNC1=NC(=NC2=C1N=CN2C3C(C(C(O3)COP(=S)([O-])OP(=O)(C(P(=O)([O-])OP(=O)(OCC4C(C(C(O4)N5C=NC6=C5N=C(N=C6NC)SC)O)O)[S-])Cl)[O-])O)O)SC.[Na+].[Na+].[Na+].[Na+],-2.556
P47900,CCC1(CN(C2=C(C=CC(=C21)C#N)O)C3=CC=CC=C3NC(=O)NC4=CC=C(C=C4)C5CCN(CC5)CC(C)C)CC,-0.978
P47900,C1C(CC(C1COP(=O)(O)O)OP(=O)(O)O)N2C=NC3=C2N=CN=C3N,-3.688
P47900,CNC1=NC=NC2=C1N=CN2C3CC(C(OC3)COP(=O)(O)O)OP(=O)(O)O,-3.215
P47900,CC1(CN(C2=C(C=CC(=C21)C3=C(C=C(C=C3)F)F)O)C4=CC=CC=C4NC(=O)NC5=CC=C(C=C5)OC(F)(F)F)C,-0.903
P47900,CC1=CC2=C(C=C1)N=C(S2)NC(=O)NC3=CC=CC=C3N4CC5(CCN(CC5)CC(C)(C)C)C6=C4C(=CC(=C6Cl)F)O,-1.061
P47900,CC1CCN(C2=CC=CC=C12)C3=CC=CC=C3NC(=O)NC4=CC=C(C=C4)OC(F)(F)F,-1.473
P47900,CC(C)(CN(C)C)COC1=CC=C(C=C1)NC(=O)NC2=C(N=CC=C2)OC3=CC=CC=C3[Si](C)(C)C,-2.212
P47900,C1=NC2=C(C(=N1)N)N=CN2C3C(C(C(O3)COP(=O)(O)OP(=O)(O)OP(=O)(O)OCC4C(C(C(O4)N5C=NC6=C5N=CN=C6N)O)O)O)O,-1.041
P47900,CC1=CC=CC(=C1)C2=NN=C(S2)NC3=CC=CC=C3N4CC5(CCN(CC5)CC(C)(C)C)C6=C(C=CC(=C64)O)Cl,-1.342
P47900,CN1CCC2(CC1)CN(C3=CC=CC=C23)C4=CC=CC=C4NC(=O)NC5=CC=C(C=C5)OC(F)(F)F,-2.839
P47900,CC(C)(C)C1=CC=CC=C1OC2=C(C=CC=N2)NC(=O)NC3=CC=C(C=C3)C4(CC4)C(=O)OC,-0.845
P47900,C1=CC=C(C=C1)CC2OC3C(OC(C3O2)N4C=NC5=C4N=CN=C5N)COP(=O)(O)OP(=O)(O)O,-3.642
P47900,CC(C)(C)CN1CCC2(CC1)CN(C3=C2C(=C(C=C3O)F)Cl)C4=CC=CC=C4NC(=O)NC5=CSC(=N5)Cl,-1.279
P47900,C1=NC2=C(N1C3C(C(C(O3)COP(=S)([O-])OP(=O)(C(P(=O)([O-])OP(=O)(OCC4C(C(C(O4)N5C=NC6=C5N=C(N=C6N)I)O)O)[S-])Cl)[O-])O)O)N=C(N=C2N)I.[Na+].[Na+].[Na+].[Na+],-3.423
P47900,CC1(CN(C2=C(C=CC(=C21)C3=CC(=CN=C3)Cl)O)C4=CC=CC=C4NC(=O)NC5=CC=C(C=C5)OC(F)(F)F)C,-1.35
P47900,C1C2C1(C(C(C2N3C=NC4=C3N=C(N=C4N)Cl)O)O)COP(=O)(O)OP(=O)(O)OP(=O)(O)O,-0.845
P47900,CSC1=NC2=C(C(=N1)N)N=CN2C3C4CC4(C(C3O)O)COP(=O)(O)OP(=O)(O)O,0.398
P47900,CC(C)CN1CCC2(CC1)CN(C3=C(C=CC(=C23)C(F)(F)F)O)C4=CC=CC=C4NC(=O)NC5=NC6=C(S5)C=C(C=C6)Cl,-1.161
P47900,C1C2C1(C(C(C2N3C=NC4=C3N=C(N=C4N)Cl)O)O)COP(=O)(O)O,-3.276
P47900,CSC1=NC2=C(C(=N1)N)N=CN2C3C(C(C(O3)COP(=O)([O-])OP(=O)([O-])OP(=O)([O-])OP(=O)([O-])OCC4C(C(C(O4)N5C=NC6=C5N=C(N=C6N)SC)O)O)O)O.[Na+].[Na+].[Na+].[Na+],-3.69
P47900,CC1=CC=C(C=C1)NC(=O)NC2=C(N=CC=C2)OC3=CC=CC=C3C(C)(C)C,-0.845
P47900,C1CN(CC2=C1C(=CC=C2)OC3=C(C=CC=N3)NC(=O)NC4=CC=C(C=C4)OC(F)(F)F)CC5=CN=CC=C5,-3.079
P47900,CC(C)(C)CN1CCC2(CC1)CN(C3=C(C=CC(=C23)Cl)O)C4=CC=CC=C4NC5=NN=C(S5)C6=C(C=CC(=C6)F)Cl,-1.447
P47900,CC(C)CN1C=C(C=N1)C2=C(C=C(C3=C2C(CN3C4=CC=CC=C4NC(=O)NC5=CC=C(C=C5)OC(F)(F)F)(C)C)O)F,-1.029
P47900,CNC1=C2C(=NC=C1)N(C=N2)C3CC(C(O3)COP(=O)(O)O)OP(=O)(O)O,-2.956
P47900,C1CN(CC2=C1C(=CC=C2)OC3=C(C=CC=N3)NC(=O)NC4=CC=C(C=C4)OC(F)(F)F)CC5=CC=NC=C5,-3.017
P47900,CC1=CC=CC=C1N2C(=CC(=N2)C)OC3=CC=CC=C3NC(=O)NC4=CC=C(C=C4)OC(F)(F)F,-2.176
P47900,CC(C)C1=NSC(=N1)NC(=O)NC2=CC=CC=C2N3CC4(CCN(CC4)CC(C)(C)C)C5=C(C=CC(=C53)O)C(F)(F)F,-0.875
P47900,CC(C)(C)CN1CCC2(CC1)CCN(C3=CC=CC=C23)C4=CC=CC=C4NC(=O)NC5=CC=C(C=C5)OC(F)(F)F,-0.996
P47900,CC1(CN(C2=C(C=CC(=C21)C#N)O)C3=CC=CC=C3NC(=O)NC4=CC=C(C=C4)OC(F)(F)F)C,-1.27
P47900,CCOC(=O)C1(CN(C2=C(C=CC(=C21)Cl)O)C3=CC=CC=C3NC(=O)NC4=CC=C(C=C4)OC(F)(F)F)C,-3.19
P47900,C1CNCC2=C1C(=CC=C2)OC3=C(C=CC=N3)NC(=O)NC4=CC=C(C=C4)OC(F)(F)F,-3.477
P47900,CCC1=CC=CC=C1N2C(=CC(=N2)C)OC3=CC=CC=C3NC(=O)NC4=CC=C(C=C4)OC(C)C,-2.301
P47900,CCOC(=O)C1=C(N=C(S1)NC2=CC=CC=C2N3CC4(CCN(CC4)CC(C)(C)C)C5=CC=CC=C53)C(F)(F)F,-0.799
P47900,CCCCC=CC1=NC2=C(C(=N1)NC)N=CN2C3CC(C4(C3C4)COP(=O)(O)O)OP(=O)(O)O,-3.151
P47900,CC(C)(C)CN1CCC2(CC1)CN(C3=C(C=CC(=C23)Cl)O)C4=CC=CC=C4NC(=O)NC5=NC6=C(S5)N=C(C=C6)OC,-1.061
P47900,CC1=NN(C(=C1)OC2=CC=CC=C2NC(=O)NC3=CC=C(C=C3)C4=CN=CO4)C5=CC=CC=C5Cl,-3.079
P47900,CC(C)(C)C1=CC=CC=C1OC2=C(C=CC=N2)NC3=NN=C(S3)C4=CC=C(C=C4)C(F)(F)F,-0.845
P47900,CC(C)(C)CN1CCC2(CC1)CN(C3=C(C=CC(=C23)Cl)O)C4=CC=CC=C4NC(=O)NC5=CC=C(C=C5)C(F)(F)F,-0.511
P47900,CC1=NC(=CS1)NC(=O)NC2=CC=CC=C2N3CC(C4=C(C=CC(=C43)O)C(F)(F)F)(C)C,-0.863
P47900,CC(C)CN1CCC2=C(C1)SC(=N2)NC(=O)NC3=CC=CC=C3N4CC5(CCN(CC5)CC(C)(C)C)C6=C(C=CC(=C64)O)Cl,-1.013
P47900,CCC1(CN(C2=C(C=CC(=C21)Cl)O)C3=CC=CC=C3NC(=O)NC4=CC=C(C=C4)OC(F)(F)F)CC,-1.149
P47900,CC(C)(C)CN1CCC2(CC1)CN(C3=C(C=CC(=C23)Cl)O)C4=CC=CC=C4NC(=O)NC5=NC6=C(S5)CN(CC6)C(=O)C(F)(F)F,-1.35
P47900,CC1(CN(C2=C(C=CC(=C21)Cl)O)C3=CC=CC=C3NC(=O)NC4=NC5=C(S4)N=C(C=C5)Cl)C,-2.845
P47900,CCC1(CN(C2=C(C=CC(=C21)C=O)O)C3=CC=CC=C3NC(=O)NC4=CC=C(C=C4)OC(F)(F)F)CC,-0.653
P47900,CCC1C(C(C2=CC=CC=C2N1C(=O)NC3=CC(=CC=C3)Br)NC4=CC=CC=C4)C,-2.74
P47900,CC1(CN(C2=C1C(=C(C=C2O)F)C3=CC=C(C=C3)Cl)C4=CC=CC=C4NC(=O)NC5=CC=C(C=C5)OC(F)(F)F)C,-1.137
P47900,CCC1(CN(C2=C(C=CC(=C21)C)O)C3=CC=CC=C3NC(=O)NC4=CC=C(C=C4)OC(F)(F)F)CC,-0.833
P47900,CC(C)N1CCC2=C(C1)C=CC=C2OC3=C(C=CC=N3)NC(=O)NC4=CC=C(C=C4)OC(F)(F)F,-2.748
P47900,CC1(CN(C2=C1C(=C(C=C2O)F)C3=CC=C(C=C3)Cl)C4=CC=CC=C4NC(=O)NC5=NC6=C(S5)C=C(C=C6)Cl)C,-1.54
P47900,CC1(CN(C2=C1C(=C(C=C2O)F)C3=CC=C(C=C3)C(F)(F)F)C4=CC=CC=C4NC(=O)NC5=CSC(=N5)C(F)(F)F)C,-0.903
P47900,C1C(C(OC1N2C=NC3=C2N=CN=C3N)COP(=S)(O)OP(=O)(O)OP(=O)(O)O)O,-1.3
P47900,CC1(CN(C2=C(C=CC(=C21)C3=CC=CC=C3)O)C4=CC=CC=C4NC(=O)NC5=CC=C(C=C5)OC(F)(F)F)C,-0.954
P47900,CC1=NN(C(=C1)C2=NN=C(S2)NC3=CC=CC=C3N4CC5(CCN(CC5)CC(C)(C)C)C6=C(C=CC(=C64)O)Cl)C,-0.82
P47900,CC1(CN(C2=C(C=CC(=C21)C3=CC=C(C=C3)C(F)(F)F)O)C4=CC=CC=C4NC(=O)NC5=CC=C(C=C5)OC(F)(F)F)C,-0.903
P47900,CC(C)(C)CN1CCC2(CC1)CN(C3=C(C=CC(=C23)Cl)O)C4=CC=CC=C4NC5=NN=C(O5)C6=CC=CC=C6,-1.441
P47900,CC1(CN(C2=C1C(=C(C=C2O)F)C3=CC=C(C=C3)Cl)C4=CC=CC=C4NC(=O)NC5=NC6=C(S5)C=C(C=C6)F)C,-1.417
P47900,CCCCCCC1=NC2=C(C(=N1)NC)N=CN2C3CC(C4(C3C4)COP(=O)(O)O)OP(=O)(O)O,-2.425
P47900,CC(C)(C)CN1CCC2(CC1)CN(C3=C(C=CC(=C23)Cl)O)C4=CC=CC=C4NC5=NN=C(S5)C6=NC=C(C=C6)C(F)(F)F,-0.845
P47900,CC(C)(C)C1=CC=CC=C1OC2=C(C=CC=N2)NC3=NN=C(S3)C4=CC=CC=N4,-1.322
P47900,CC1=CC(=C(C(=C1)C)NC2=CC(=C(C3=C2C(=O)C4=CC=CC=C4C3=O)N)S(=O)(=O)[O-])C,-3.342
P47900,C1C(C(OC1N2C=NC3=C2N=CN=C3N)COP(=O)(CP(=O)([O-])OP(=O)(CP(=O)([O-])OCC4C(CC(O4)N5C=NC6=C5N=CN=C6N)O)[O-])[O-])O,-4.477
P47900,COC(=O)C1=CC=C(C=C1)NC(=O)NC2=C(N=CC=C2)OC3=CC=CC(=C3)C(F)(F)F,-2.809
P47900,CC1=NN(C(=C1)OC2=CC=CC=C2NC(=O)NC3=CC=C(C=C3)C4CC4)C5=CC=CC=C5Cl,-2.079
P47900,CC(C)(C)CN1CCC2(CC1)CN(C3=C(C=CC(=C23)Cl)O)C4=CC=CC=C4NC5=NC=C(C=C5)C(F)(F)F,-1.342
P47900,CC(C)(C)CN1CCC2(CC1)CN(C3=C2C(=C(C=C3O)F)Cl)C4=CC=CC=C4NC(=O)NC5=NC6=C(S5)N=C(C=C6)F,-1.1
P47900,CC1(CN(C2=CC=CC=C21)C3=CC=CC=C3NC(=O)NC4=CC=C(C=C4)OC(F)(F)F)C,-0.94
P47900,CSC1=NC2=C(C(=N1)N)N=CN2C3CC(C4(C3C4)COP(=O)(O)O)OP(=O)(O)O,-2.789
P47900,CC(C)(C)CN1CCC2(CC1)CN(C3=C(C=CC(=C23)C#N)O)C4=CC=CC=C4NC(=O)NC5=NC6=C(S5)C=C(C=C6)Cl,-0.756
P47900,CC1(CN(C2=C1C(=CC(=C2O)F)C3=CC=CC=C3)C4=CC=CC=C4NC(=O)NC5=CC=C(C=C5)OC(F)(F)F)C,-1.212
P47900,C1CCN(C2=CC=CC=C2C1)C3=CC=CC=C3NC(=O)NC4=CC=C(C=C4)OC(F)(F)F,-2.919
P47900,CNC1=NC(=NC2=C1N=CN2C3CC(C4(C3C4)COP(=O)(O)O)OP(=O)(O)O)C(=O)O,-2.94
P47900,CC(C)C1=NSC(=N1)NC(=O)NC2=CC=CC=C2N3CC4(CCN(CC4)CC(C)(C)C)C5=C(C=CC(=C53)O)F,-0.279
P47900,C1=CC=C2C(=C1)C=C(N2)C3=CC=CC=C3NC(=O)NC4=CC=C(C=C4)OC(F)(F)F,-1.875
P47900,CC(C)(C)C1C2=C(CN1C)C=CC=C2OC3=C(C=CC=N3)NC(=O)NC4=CC=C(C=C4)OC(F)(F)F,-1.756
P47900,CC1(CN(C2=C(C=CC(=C21)C(F)(F)F)O)C3=CC=CC=C3NC(=O)NC4=CC=C(C=C4)C(F)(F)F)C,-1.215
P47900,CSC1=NC2=C(C(=N1)N)N=CN2C3C(C(C(O3)COP(=S)([O-])OP(=O)([O-])OP(=O)([O-])OP(=O)(OCC4C(C(C(O4)N5C=NC6=C5N=C(N=C6N)SC)O)O)[S-])O)O.[Na+].[Na+].[Na+].[Na+],-2.204
P47900,C1COC2=CC=CC=C2N1C3=CC=CC=C3NC(=O)NC4=CC=C(C=C4)OC(F)(F)F,-1.813
P47900,CC(C)(C)CN1CCC2(CC1)CN(C3=C2C(=C(C=C3O)F)C4=CC=C(C=C4)Cl)C5=CC=CC=C5NC(=O)NC6=CC=C(C=C6)OC(F)(F)F,-1.09
P47900,CC(C)(C)C1=CC=CC=C1OC2=C(C=CC=N2)NC3=NC(=C(S3)C4=CC=C(C=C4)OC)C(F)(F)F,-0.903
P47900,CC(C)(C)C1=CC=CC=C1OC2=C(C=CC=N2)NC3=NN=C(S3)C4=CC=NC=C4,-2.439
P47900,CCC1=CC=CC=C1N2C(=CC(=N2)C)OC3=CC=CC=C3NC(=O)NC4=CC=C(C=C4)Cl,-2.114
P47900,CC(C)(C)CN1CCC2(CC1)CN(C3=C2C(=C(C=C3O)F)F)C4=CC=CC=C4NC5=NN=C(S5)C6=CC=C(C=C6)OC(F)(F)F,-1.568
P47900,CC1=NC2=C(N1C3CC(C(O3)COP(=O)(O)O)OP(=O)(O)O)N=CN=C2N,-4.876
P47900,CNC1=NC(=NC2=C1N=CN2C3CC(C4(C3C4)COP(=O)(O)O)OP(=O)(O)O)[Se]C,-2.314
P47900,CCC1=CC=CC=C1N2C(=CC(=N2)C)OC3=CC=CC=C3NC(=O)NC4=NC=C(C=C4)C(C)C,-3.716
P47900,CC(C)(C)CN1CCC2(CC1)CN(C3=C(C=CC(=C23)Cl)O)C4=CC=CC=C4NC5=NN=C(S5)C6=CC(=CC(=C6)Cl)Cl,-1.279
P47900,CC1=CC=C(C=C1)S(=O)(=O)O.C1=CC=C2C(=C1)C(=O)C(=[N+]2[O-])C3=CC=CC=N3,-1.2
P47900,CC(C)(C)C1=CC=CC=C1OC2=C(C=CC=N2)NC3=NN=C(O3)C4=CC=CC=C4,-1.845
P47900,CNC1=NC=NC2=C1N=CN2C3CC(C4(C3C4)COP(=O)(O)O)OP(=O)(O)O,-2.196
P47900,CC1(CN(C2=C(C=CC(=C21)C(F)(F)F)O)C3=C(C=CC=C3F)NC(=O)NC4=C(C=C(C=C4)F)F)C,-1.164
P47900,CC(C)(C)CN1CCC2(CC1)CN(C3=C(C=CC(=C23)C(F)(F)F)O)C4=CC=CC=C4NC(=O)NC5=NC6=C(S5)C=C(C=C6)F,-0.949
P47900,CC1=NC2=C(C(=N1)NC)N=CN2C3CC(C(O3)COP(=O)(O)O)OP(=O)(O)O,-1.89
P47900,CC1(CN(C2=C(C=CC(=C21)C(F)(F)F)O)C3=C(C=C(C=C3)F)NC(=O)NC4=C(C=C(C=C4)F)F)C,-1.025
P47900,CNC1=NC(=NC2=C1N=CN2C3C4CC4(C(C3O)O)COP(=O)(O)OP(=O)(O)OP(=O)(O)O)Cl,-0.875
P47900,CC1=C(ON=C1C)NS(=O)(=O)C2=CC=C(C=C2)NC(=O)NC3=CC(=CC=C3)Cl,-5
P47900,C1C(OC(CN1CCP(=O)(O)O)N2C=NC3=C2N=CN=C3N)COP(=O)(O)OP(=O)(O)OP(=O)(O)O,-4.613
P47900,CC1(CN(C2=C(C=CC(=C21)C3=CC(=CN=C3)F)O)C4=CC=CC=C4NC(=O)NC5=CC=C(C=C5)OC(F)(F)F)C,-1.556
P47900,C1=NC2=C(N1C3C(C(C(O3)COP(=O)(O)OP(=O)(O)OP(=O)(O)O)O)O)N=C(N=C2N)Cl,-2.886
P47900,CCOC(=O)C1=C(N=C(S1)NC2=C(N=CC=C2)OC3=CC=CC=C3C(C)(C)C)C(F)(F)F,-0.699
P47900,CC(C)(C)CN1CCC2(CC1)CN(C3=C2N=CC=C3)C4=CC=CC=C4NC(=O)NC5=CC=C(C=C5)OC(F)(F)F,-3.879
P47900,CC1(CN(C2=C1C(=C(C=C2O)F)C3=CC=C(C=C3)Cl)C4=CC=CC=C4NC(=O)NC5=CSC(=N5)C(F)(F)F)C,-1.339
P47900,CC(C)(C)CN1CCC2(CC1)CN(C3=C(C=C(C=C23)F)O)C4=CC=CC=C4NC(=O)NC5=CC=C(C=C5)OC(F)(F)F,-0.959
P47900,CC1(CN(C2=C(C=CC(=C21)C3=CC(=C(C=C3)F)F)O)C4=CC=CC=C4NC(=O)NC5=CC=C(C=C5)OC(F)(F)F)C,-0.886
P47900,[B-]P(=O)(OCC1C(C(C(O1)N2C=NC3=C2N=C(N=C3N)Cl)O)O)OP(=O)(O)O,-0.845
P47900,CC(C)(C)CN1CCC2(CC1)CN(C3=C(C=CC(=C23)Cl)O)C4=CC=CC=C4NC(=O)NC5=CC=C(C=C5)OC(F)(F)F,-0.559
P47900,CC1(CN(C2=C1C(=CC(=C2O)F)CC(F)(F)F)C3=CC=CC=C3NC(=O)NC4=CC=C(C=C4)OC(F)(F)F)C,-0.987
P47900,CC(C)(C)C1=CC=C(C=C1)NC(=O)NC2=CC=CC=C2OC3=CC(=NN3C4=CC=CC=C4)C(=O)OC,-3.857
P47900,CC(C)(C)CN1CCC2(CC1)CN(C3=C2C(=C(C=C3O)F)Cl)C4=CC=CC=C4NC(=O)NC5=NC6=C(S5)C=C(C=C6)F,-1.13
P47900,CC1(CN(C2=C(C=CC(=C21)C3=CC=C(C=C3)F)O)C4=CC=CC=C4NC(=O)NC5=NC6=C(S5)N=C(C=C6)Cl)C,-1.114
P47900,CCOC(=O)C1=C2C(=C(C=C1)O)N(CC2(C)C)C3=CC=CC=C3NC(=O)NC4=CC=C(C=C4)OC(F)(F)F,-0.934
P47900,CC(C)C1=NC(=CS1)C2=C3C(=C(C=C2)O)N(CC3(C)C)C4=CC=CC=C4NC(=O)NC5=CC=C(C=C5)OC(F)(F)F,-0.672
P47900,CCC1(CN(C2=C(C=CC(=C21)C#N)O)C3=CC=CC=C3NC(=O)NC4=CC=C(C=C4)OC(F)(F)F)CC,-0.892
P47900,CC1(CN(C2=C(C=CC(=C21)C3=CC=C(C=C3)F)O)C4=CC=CC=C4NC(=O)NC5=CSC(=N5)C(F)(F)F)C,-1.057
P47900,C1=NC2=C(N1C3C(C(C(O3)COP(=S)(O)OP(=O)(O)OP(=O)(O)O)O)O)N=C(N=C2N)Cl,-2.906
P47900,CC(C)(C)C1=CC=CC=C1OC2=C(C=CC=N2)NC3=CC(=NO3)C4=CC=CC=C4,-1.362
P47900,CC(C)(C)CN1CCC2(CC1)CN(C3=C2C=CC(=C3O)F)C4=CC=CC=C4NC(=O)NC5=CC=C(C=C5)OC(F)(F)F,-1.107
P47900,CC(C)(C)CN1CCC2(CC1)CN(C3=C(C=CC(=C23)C(F)(F)F)O)C4=CC=CC=C4NC(=O)NC5=CC(=C(C=C5)F)F,-0.708
P47900,CC1(CN(C2=C(C=CC(=C21)C3=CN=C(C=C3)F)O)C4=CC=CC=C4NC(=O)NC5=CC=C(C=C5)OC(F)(F)F)C,-1.121
P47900,CC1=NSC(=N1)NC(=O)NC2=CC=CC=C2N3CC4(CCN(CC4)CC(C)(C)C)C5=C(C=CC(=C53)O)Cl,-0.519
P47900,CNC1=NC(=NC2=C1N=CN2C3CC(C4(C3C4)COP(=O)(O)O)OP(=O)(O)O)I,0.108
P47900,CC(C)(C)C1=CC=CC=C1OC2=C(C=CC=N2)NC(=O)NC3=CC=C(C=C3)C4(CC4)CO,-2.246
P47900,CCN(CC)S(=O)(=O)C1=C2C(=C(C=C1)O)N(CC23CCN(CC3)CC(C)(C)C)C4=CC=CC=C4NC(=O)NC5=CC=C(C=C5)OC(F)(F)F,-0.531
P47900,CC(C)(C)CN1CCC2(CC1)CN(C3=C(C=CC(=C23)C(F)(F)F)O)C4=C(C=CC=N4)NC(=O)NC5=CC=C(C=C5)OC(F)(F)F,-0.748
P47900,CC(C)(C)CN1CCC2(CC1)CN(C3=C(C=CC(=C23)Cl)O)C4=CC=CC=C4NC5=NN=C(S5)C(=O)OC,-1.681
P47900,CC(C)(C)CN1CCC2(CC1)CN(C3=C(C=CC(=C23)C(F)(F)F)O)C4=CC=CC=C4NC(=O)NC5=NC6=C(S5)C=C(C=C6)Cl,-1.49
P47900,CC(C)(C)CN1CCC2(CC1)CN(C3=C(C=CC(=C23)Cl)O)C4=CC=CC=C4NC5=NN=C(S5)C6=NC7=CC=CC=C7N=C6,-1.82
P47900,CC(C)(C)CN1CCC2(CC1)CN(C3=C2C(=C(C=C3O)F)F)C4=CC=CC=C4NC(=O)NC5=NC6=C(S5)C=C(C=C6)Cl,-1.412
P47900,CC(C)CN1CCC2(CC1)CN(C3=C(C=CC(=C23)Cl)O)C4=CC=CC=C4NC(=O)NC5=CC=C(C=C5)C(F)(F)F,-0.813
P47900,CC(C)(C)C1=CC=CC=C1OC2=C(C=CC=N2)NC(=O)NC3=C(C=C(C=C3)CN(C)C)F,-2.508
P47900,CC1(CN(C2=C1C(=C(C=C2O)F)C3=CC(=C(C=C3)Cl)F)C4=CC=CC=C4NC(=O)NC5=CC=C(C=C5)OC(F)(F)F)C,-1.611
P47900,C1=CC(=CC(=C1)OC2=C(C=CC=N2)NC(=O)NC3=CC(=CC=C3)F)C(F)(F)F,-2.783
P47900,CC(C)(C)CN1CCC2(CC1)CN(C3=C2C=CC=N3)C4=CC=CC=C4NC(=O)NC5=CC=C(C=C5)OC(F)(F)F,-2.577
P47900,CC1=NN(C(=C1)OC2=CC=CC=C2NC(=O)NC3=CC=C(C=C3)C(C)(C)C)C4=CC=CC=C4Cl,-2
P47900,CC(C)(C)CN1CCC2(CC1)CN(C3=C2C=CC=C3O)C4=CC=CC=C4NC(=O)NC5=CC=C(C=C5)C(C)(C)C,-0.919
P47900,CC1=NN(C(=C1)OC2=CC=CC=C2NC(=O)NC3=CC=C(C=C3)C4CCCC4)C5=CC=CC=C5Cl,-1.477
P47900,CNC1=NC(=NC2=C1N=CN2C3CC(C(O3)COP(=O)(O)O)OP(=O)(O)O)SC,-2.559
P47900,CC1(CN(C2=C1C(=C(C=C2O)F)C3=CC=C(S3)Cl)C4=CC=CC=C4NC(=O)NC5=NC6=C(S5)N=C(C=C6)Cl)C,-0.914
P47900,CNC1=NC(=NC2=C1N=CN2C3CC(C(C3)OP(=O)(O)O)COP(=O)(O)O)N,-3.776
P47900,CC1(CN(C2=C1C(=CC(=C2O)F)C3=CC=C(C=C3)F)C4=CC=CC=C4NC(=O)NC5=CC=C(C=C5)OC(F)(F)F)C,-1.167
P47900,C1=CC=C(C(=C1)NC(=O)NC2=C(N=CC=C2)OC3=CC=CC(=C3)C(F)(F)F)F,-1.672
P47900,C1CN(CCC12CN(C3=CC=CC=C23)C4=CC=CC=C4NC(=O)NC5=CC=C(C=C5)OC(F)(F)F)CC(=O)O,-4.13
P47900,CC(C)(C)C1=CC=CC=C1OC2=C(C=CC=N2)NC(=O)NC3=CC=C(C=C3)C(F)(F)F,-1.176
P47900,CC(C)CN1CCCC1C2=CC=C(C=C2)NC(=O)NC3=CC=CC=C3N4CC5(CCN(CC5)CC(C)(C)C)C6=C4C(=CC(=C6F)F)O,-1.23
P47900,CC(C)(C)C1=CC=CC=C1OC2=C(C=CC=N2)NC3=NC(=C(S3)C4=CC=CC=C4)C(C)(C)CC(=O)O,-2.316
P47900,CC(C)CN1CCC2=C(C1)SC(=N2)NC3=CC=CC=C3N4CC5(CCN(CC5)CC(C)(C)C)C6=C(C=CC(=C64)O)Cl,-1.322
P47900,CC1=NN(C(=C1)OC2=CC=CC=C2NC(=O)NC3=CC=C(C=C3)OC(F)(F)F)C4=CC(=CC=C4)Cl,-2.079
P47900,C1C(OC(CN1CCP(=O)(O)O)N2C=NC3=C2N=CN=C3N)COP(=O)(O)O,-4.568
P47900,C1=CC(=CC=C1CCSC2=NC3=C(C(=N2)N)N=CN3C4C(C(C(O4)COP(=S)([O-])[O-])O)O)[N+](=O)[O-],-3.373
P47900,CC(C)CN1CC2=C(C1)C(=CC=C2)OC3=C(C=CC=N3)NC(=O)NC4=CC=C(C=C4)OC(F)(F)F,-1.833
P47900,CCC1C(C(C2=CC=CC=C2N1C(=O)NC3=CC=CC=C3)NC4=CC=CC=C4)C,-3
P47900,CC(C)(C)C1=CC=C(C=C1)NC(=O)NC2=C(N=CC=C2)OC3=CC=CC(=C3)C(F)(F)F,-1.491
P47900,CC1=CC=C(C=C1)C2=C(N=C(S2)NC3=C(N=CC=C3)OC4=CC=CC=C4C(C)(C)C)C(F)(F)F,-0.903
P47900,CC(C)(C)CN1CCC2(CC1)CN(C3=C(C=CC(=C23)C(=O)OC)O)C4=CC=CC=C4NC5=NN=C(S5)C6=CC=C(C=C6)C(F)(F)F,-0.903
P47900,CC(C)CN1CCC2(CC1)CN(C3=C(C=CC(=C23)C#N)O)C4=CC=CC=C4NC(=O)NC5=NC6=C(S5)C=C(C=C6)Cl,-1.158
P47900,C1=CC(=CC(=C1)NC(=O)NC2=CC=CC(=C2)C(=O)NC3=C(C=CC(=C3)C(=O)NC4=C5C(=CC(=CC5=C(C=C4)S(=O)(=O)[O-])S(=O)(=O)[O-])S(=O)(=O)[O-])F)C(=O)NC6=C(C=CC(=C6)C(=O)NC7=C8C(=CC(=CC8=C(C=C7)S(=O)(=O)[O-])S(=O)(=O)[O-])S(=O)(=O)[O-])F.[Na+].[Na+].[Na+].[Na+].[Na+].[Na+],-6.26
P47900,CC1=NN(C(=C1)OC2=CC=CC=C2NC(=O)NC3=CC=C(C=C3)OC(F)(F)F)C4=CC=CC=C4OC,-2.982
P47900,C1=NC2=C(N1C3C(C(C(O3)COP(=S)(O)OP(=O)(O)O)O)O)N=C(N=C2N)Cl,-2.884
P47900,CC(C)CN1CCC2(CC1)CN(C3=C(C=CC(=C23)C(F)(F)F)O)C4=CC=CC=C4NC(=O)NC5=NC6=C(S5)C=C(C=C6)F,-1.215
P47900,C1=NC2=C(N1C3C(C(C(O3)COP(=O)(O)OP(=S)(O)O)O)O)N=C(N=C2N)Cl,-1.954
P47900,CCCCOC1=CC=C(C=C1)NC(=O)NC2=CC=CC3=C2OC(=C3)C4=CC=CC=C4C(C)C,-3.121
P47900,CC1=NC(=CO1)C2=C(C=C(C3=C2C(CN3C4=CC=CC=C4NC(=O)NC5=CC=C(C=C5)OC(F)(F)F)(C)C)O)F,-0.869
P47900,CC1(CN(C2=C1C(=C(C=C2O)F)Br)C3=CC=CC=C3NC(=O)NC4=CSC(=N4)Cl)C,-0.875
P47900,CC(C)CN1CCCC1C2=CC=C(C=C2)NC(=O)NC3=CC=CC=C3N4CC(C5=C(C=CC(=C54)O)C6=CC=C(C=C6)F)(C)C,-1.398
P47900,CC1(CN(C2=C1C(=C(C=C2O)F)C3=CC=C(C=C3)C(F)(F)F)C4=CC=CC=C4NC(=O)NC5=CC=C(C=C5)OC(F)(F)F)C,-1.652
P47900,CC1(CN(C2=C1C(=C(C=C2O)F)C3=CC(=CC=C3)CN(C)C)C4=CC=CC=C4NC(=O)NC5=CC=C(C=C5)OC(F)(F)F)C,-1.086
P47900,CC(C)(C)CN1CCC2(CC1)CN(C3=C(C=CC(=C23)Cl)O)C4=CC=CC=C4NC(=O)NC5=NC6=C(S5)N=C(C=C6)F,-0.813
P47900,CC(C)(C)C1=CC=CC=C1OC2=C(C=CC=N2)NC3=NC(=NS3)C4=CC=CC=C4,-1.398
P47900,CSC1=NC2=C(C(=N1)N)N=CN2C3C(C(C(O3)COP(=S)([O-])OP(=O)(C(P(=O)([O-])OP(=O)(OCC4C(C(C(O4)N5C=NC6=C5N=C(N=C6N)SC)O)O)[S-])(Cl)Cl)[O-])O)O.[Na+].[Na+].[Na+].[Na+],-3.009
P47900,CC1=NC2=C(C(=N1)NC)N=CN2C3CC(C4(C3C4)COP(=O)(O)O)OP(=O)(O)O,-1.42
P47900,CCC1(CN(C2=C(C=CC(=C21)F)O)C3=CC=CC=C3NC(=O)NC4=CC=C(C=C4)C5CCN(CC5)CC(C)(C)C)CC,-0.748
P47900,CC(C)(C)CN1CCC2(CC1)CN(C3=C(C=CC(=C23)Cl)O)C4=CC=CC=C4NC(=O)NC5=NC6=C(S5)C=C(C=C6)[N+](=O)[O-],-1.033
P47900,CC(C)(C)CN1CCC2(CC1)CN(C3=C(C=CC(=C23)Cl)O)C4=CC=CC=C4NC5=NN=C(S5)C6=CC(=C(C=C6)Cl)Cl,-1.279
P47900,CNC1=NC=NC2=C1N=CN2C3CC4C(O3)COP(=O)(OP(=O)(OP(=O)(OP(=O)(O4)O)O)O)O,-1.949
P47900,CNC1=NC(=NC2=C1N=CN2C3CC(C4(C3C4)COP(=O)(O)O)OP(=O)(O)O)C(=O)N,-3.24
P47900,CCSC1=NC2=C(C(=N1)NC)N=CN2C3CC(C(O3)COP(=O)(O)O)OP(=O)(O)O,-2.991
P47900,CC1=C(C=C(C=C1)NC(=O)NC2=CC=C(C=C2)S(=O)(=O)NC3=C(C(=NO3)C)C)C,-2.114
P47900,CCCCCCSC1=NC2=C(C(=N1)N)N=CN2C3C(C(C(O3)COP(=O)(O)OP(=O)(O)OP(=O)(O)O)O)O,-1
P47900,CC(C)(C)C1=CC=CC=C1OC2=C(C=CC=N2)NC(=O)NC3=C(C=C(C=C3)OCC(C)(C)CN(C)C)F,-1.716
P47900,CC(C)(C)C1=CC=CC=C1OC2=C(C=CC=N2)NC3=NOC(=C3)C4=CC=CC=C4,-1.279
P47900,CC(C)(C)CN1CCC2(CC1)CN(C3=C(C=CC(=C23)Cl)O)C4=CC=CC=C4NC(=O)NC5=NC6=C(S5)C=C(C=C6)C(=O)OC,-0.857
P47900,CNC1=NC=NC2=C1N=CN2C3C4CC4(C(C3O)O)COP(=O)(O)OP(=O)(O)OP(=O)(O)O,-1.796
P47900,CC1(CN(C2=C1C(=C(C=C2O)F)C3=CC=C(C=C3)C(F)(F)F)C4=CC=CC=C4NC(=O)NC5CCN(CC5)CC(C)(C)C)C,-1.152
P47900,C1=CC=C(C=C1)OC2=C(C=CC(=C2)Cl)NC(=O)NC3=CC(=C(C=C3)Cl)Cl,-3.255
P47900,CC(C)(C)C1=CC=CC=C1OC2=C(C=CC=N2)NC3=NN=C(S3)C4=CC5=CC=CC=C5C=C4,-1.255
P47900,CSC1=NC2=C(C(=N1)N)N=CN2C3C(C(C(O3)COP(=O)(O)OP(=O)(O)O)O)O,-1.255
P47900,CCC1(CN(C2=C(C=CC(=C21)C#N)O)C3=CC=CC=C3NC(=O)NC4=CC=C(C=C4)C5CCN(CC5)CC(C)(C)C)CC,-0.826
P47900,CC(C)(C)CN1CCC2(CC1)CN(C3=C(C=CC(=C23)F)O)C4=CC=CC=C4NC(=O)NC5=CC=C(C=C5)C(F)(F)F,-0.857
P47900,CNC1=NC(=NC2=C1N=CN2C3CC(C4(C3C4)COP(=O)(O)O)OP(=O)(O)O)C#N,-3.839
P47900,CC(C)(C)CN1CCC2(CC1)CN(C3=C(C=CC(=C23)C#N)O)C4=CC=CC=C4NC5=NN=C(S5)C6=CC=C(C=C6)C(F)(F)F,-0.477
P47900,CCOC(=O)C1=NN=C(S1)NC2=C(N=CC=C2)OC3=CC=CC=C3C(C)(C)C,-1.954
P47900,CC(C)(C)C1=CC=CC=C1OC2=C(C=CC=N2)NC(=O)NC3=CC=C(C=C3)N4CCNCC4,-3.905
P47900,C1=CC=C(C(=C1)C2=CC3=C(O2)C(=CC=C3)NC(=O)NC4=CC=C(C=C4)OC(F)(F)F)C(F)(F)F,-3.643
P47900,C1=CC=C(C(=C1)C(F)(F)F)OC2=C(C=CC=N2)NC(=O)NC3=C(C=C(C=C3)F)F,-2.236
P47900,CC(C)C1=NC(=CS1)NC(=O)NC2=CC=CC=C2N3CC4(CCN(CC4)CC(C)(C)C)C5=C(C=CC(=C53)O)C(F)(F)F,-0.82
P47900,CC(C)(C)CN1CCC(CC1)C2=CC=CC=C2OC3=C(C=CC=N3)NC(=O)NC4=CC=C(C=C4)OC(F)(F)F,-1.204
P47900,CSC1=NC2=C(C(=N1)N)N=CN2C3C(C(C(O3)COP(=O)(O)OP(=O)(CP(=O)(O)O)O)O)O,-1.903
P47900,CC(C)(C)CN1CCC2(CC1)CN(C3=C(C=CC(=C23)Cl)O)C4=CC=CC=C4NC5=NN=C(S5)C6=NC=CN=C6,-0.813
P47900,CC(C)CN1CCC(CC1)C2=CC=C(C=C2)NC(=O)NC3=CC=CC=C3N4CC(C5=C4C(=CC(=C5C6=CC=C(C=C6)Cl)F)O)(C)C,-1.212
P47900,C1C2C1(C(C(C2N3C=NC4=C3N=CN=C4N)O)O)COP(=O)(O)OP(=O)(O)OP(=O)(O)O,-1.716
P47900,CC(C)(C)C1=CC=CC=C1OC2=C(C=CC=N2)NC3=NN=C(S3)C(=O)O,-3.462
P47900,CCC1(CN(C2=C(C=C(C=C21)F)O)C3=CC=CC=C3NC(=O)NC4=CC=C(C=C4)OC(F)(F)F)CC,-1.204
P47900,C1CN(CCC12CN(C3=CC=CC=C23)C4=CC=CC=C4NC(=O)NC5=CC=C(C=C5)OC(F)(F)F)CCO,-3.653
P47900,CC(C)(C)C1=CC=CC=C1OC2=C(C=CC=N2)NC3=NN=C(S3)C4=CC(=CC=C4)N(C)C,-1.74
P47900,CCCCCCSC1=NC2=C(C(=N1)NC)N=CN2C3CC(C(O3)COP(=O)(O)O)OP(=O)(O)O,-3.528
P47900,CC(C)(C)CN1CCC2(CC1)CN(C3=C(C=CC(=C23)S(=O)(=O)N(C)C)O)C4=CC=CC=C4NC(=O)NC5=CC=C(C=C5)OC(F)(F)F,-0.434
P47900,CC(C)C1=CC=CC=C1C2=CC3=C(O2)C(=CC=C3)NC(=O)NC4=CC=CC(=C4)C(F)(F)F,-3.699
P47900,CNC1=NC=NC2=C1N=CN2C3CC(C(O3)COP(=O)(O)O)OP(=O)(O)O,-2.52
P47900,C1=CC(=CC=C1CCSC2=NC3=C(C(=N2)N)N=CN3C4C(C(C(O4)COP(=O)(O)O)O)O)[N+](=O)[O-],-3.477
P47900,CC1(CN(C2=C1C(=C(C=C2O)F)C3=COC(=N3)C(C)(C)C)C4=CC=CC=C4NC(=O)NC5=NC6=C(S5)C=C(C=C6)Cl)C,-1.238
P47900,C1=CC=C2C(=C1)C(=O)C3=C(C2=O)C(=C(C=C3NC4=CC(=C(C=C4)NC5=NC(=NC(=N5)NC6=CC=CC=C6S(=O)(=O)[O-])Cl)S(=O)(=O)[O-])S(=O)(=O)[O-])N,-3.462
P47900,CNC1=NC(=NC2=C1N=CN2CC(CP(=O)(O)O)CP(=O)(O)O)Cl,-2.79
P47900,CC1(CN(C2=C(C=CC(=C21)C3=CC=CC=C3F)O)C4=CC=CC=C4NC(=O)NC5=CC=C(C=C5)OC(F)(F)F)C,-0.94
P47900,C1C(C(OC1N2C=NC3=C2N=CN=C3N)COCP(=O)(O)O)OP(=O)(O)O,-4.374
P47900,CC(C)C1=CC=CC=C1OC2=C(C=CC=N2)NC(=O)NC3=CC=C(C=C3)OC(F)(F)F,-1.204
P47900,C1CN(CCC1C2=CC=CC=C2OC3=C(C=CC=N3)NC(=O)NC4=CC=C(C=C4)OC(F)(F)F)CC5=CC=CC=C5,-1.991
P47900,CC(C)NC(=O)N1CCC2(CC1)CN(C3=CC=CC=C23)C4=CC=CC=C4NC(=O)NC5=CC=C(C=C5)OC(F)(F)F,-2.301
P47900,CCC1(CN(C2=C(C=CC(=C21)F)O)C3=CC=CC=C3NC(=O)NC4=CSC(=N4)Cl)CC,-0.519
P47900,CC(C)(C)C1=CC=CC=C1OC2=C(C=CC=N2)NC3=NNC(=C3)C4=CC=CC=C4,-2.94
P47900,CNC1=NC(=NC2=C1N=CN2C3CC(C4(C3C4)COP(=O)(O)O)OP(=O)(O)O)SC,-2.193
P47900,C1CC2(C1)CN(C3=CC=CC=C23)C4=CC=CC=C4NC(=O)NC5=CC=C(C=C5)OC(F)(F)F,-1.031
P47900,CC(C)(C)CN1CCC2(CC1)CN(C3=C(C=CC(=C23)C(F)(F)F)O)C4=CC=CC=C4NC(=O)NC5=CC=C(C=C5)OC(F)(F)F,-0.365
P47900,CC(C)(C)C1=CC=C(C=C1)NC(=O)NC2=C(N=CC=C2)OC3=CC=CC=C3C(C)(C)C,-0.903
P47900,CC(C)(C)CN1CCC2(CC1)CN(C3=C(C=CC(=C23)C(=O)OC)O)C4=CC=CC=C4NC(=O)NC5=C(C=C(C=C5)F)F,-0.898
P47900,CC(C)(C)CN1CCC2(CC1)CN(C3=C(C=CC(=C23)F)O)C4=CC=CC=C4NC(=O)NC5=NC6=C(S5)C=C(C=C6)F,-0.869
P47900,CC(C)(C)CN1CCC2(CC1)CN(C3=C(C=CC(=C23)Cl)O)C4=CC=CC=C4NC5=NN=C(S5)C6=CC=C(C=C6)C(F)(F)F,-0.519
P47900,C1C(C2CC2(C1OP(=O)(O)O)COP(=O)(O)O)N3C=NC4=C3N=C(N=C4N)I,-1.697
P47900,CC1(CN(C2=C1C(=C(C=C2O)F)Br)C3=CC=CC=C3NC(=O)NC4=NC5=C(S4)C=C(C=C5)F)C,-1.14
P47900,CC1=NN(C(=C1)OC2=CC=CC=C2NC(=O)NC3=CC=C(C=C3)OC(F)(F)F)C4=CC=CC=C4,-2.462
P47900,CSC1=NC2=C(C(=N1)N)N=CN2C3C4CC4(C(C3O)O)COP(=O)([O-])OP(=O)([O-])[O-].[Na+].[Na+].[Na+],0.4
P47900,C1=NC2=C(C(=N1)N)N=CN2C3C(C(C(O3)COP(=O)(O)O)O)OP(=O)(O)O,-3.2
P47900,CC1(CN(C2=C1C(=C(C=C2O)F)C3=CC=C(C=C3)F)C4=CC=CC=C4NC(=O)NC5=CSC(=N5)C(F)(F)F)C,-1.134
P47900,CC(C)(C)CN1CCC2(CC1)CN(C3=C(C=CC(=C23)F)O)C4=CC=CC=C4NC(=O)NC5=CC=C(C=C5)OC(F)(F)F,-0.377
P47900,CSC1=NC2=C(C(=N1)N)N=CN2C3C(C(C(O3)COP(=O)([O-])OP(=O)(CP(=O)([O-])OP(=O)([O-])OCC4C(C(C(O4)N5C=NC6=C5N=C(N=C6N)SC)O)O)[O-])O)O,-2.663
P47900,CC1(CN(C2=C1C(=C(C=C2O)F)C3=C(C=C(C=C3)Cl)F)C4=CC=CC=C4NC(=O)NC5=CC=C(C=C5)OC(F)(F)F)C,-1.23
P47900,COC1=NC(=NC(=C1)NS(=O)(=O)C2=CC=C(C=C2)NC(=O)NC3=CC(=CC=C3)Cl)OC,-3.778
P47900,CCC1(CN(C2=C1C=CC=C2O)C3=CC=CC=C3NC(=O)NC4=NC5=C(S4)C=C(C=C5)C)CC,-0.881
P47900,CC(C)(C)C1=CC=CC=C1OC2=C(C=CC=N2)NC3=NN(C(=C3)C4=CC=CC=C4)C,-1.653
P47900,C1=CC(=CC(=C1)OC2=C(C=CC=N2)NC(=O)NC3=C(C=C(C=C3)F)F)C(F)(F)F,-1.875
P47900,CC(C)(C)C1=CC=CC=C1OC2=C(C=CC=N2)NC(=O)NC3=CC=C(C=C3)C4(CC4)CN5CCCC5,-3.145
P47900,CC1=C(ON=C1C)NS(=O)(=O)C2=CC=C(C=C2)NC(=O)NC3=CC(=CC(=C3)F)F,-5
P47900,CSC1=NC2=C(C(=N1)N)N=CN2C3C(C(C(O3)COP(=S)([O-])OP(=O)(C(P(=O)([O-])OP(=O)(OCC4C(C(C(O4)N5C=NC6=C5N=C(N=C6N)SC)O)O)[S-])Cl)[O-])O)O.[Na+].[Na+].[Na+].[Na+],-3.332
P47900,CC1=C(ON=C1C)NS(=O)(=O)C2=CC=C(C=C2)NC(=O)NC3=CC(=CC(=C3)Cl)Cl,-4.431
P47900,CNC1=NC=NC2=C1N=CN2C3CC(C(C3)OP(=O)(O)O)COP(=O)(O)O,-2.17
P47900,CC(C)(C)CN1CCC2(CC1)CN(C3=C(C=CC(=C23)Cl)O)C4=CC=CC=C4NC(=O)NC5=NC6=CC=CC=C6S5,-0.875
P47900,C1=CC(=CC=C1CCSC2=NC3=C(C(=N2)N)N=CN3C4C(C(C(O4)COP(=O)(O)OP(=O)(O)OP(=O)(O)O)O)O)[N+](=O)[O-],-1.079
P47900,CCC1(CN(C2=C1C=CC=C2O)C3=CC=CC=C3NC(=O)NC4=NC5=C(S4)C=C(C=C5)Cl)CC,-1.152
P47900,CC(C)(C)CN1CCC2(CC1)CN(C3=C2C(=C(C=C3O)F)F)C4=CC=CC=C4NC(=O)NC5=CC=C(C=C5)C(C)(C)C,-1.021
P47900,CC(C)(C)CN1CCC2(CC1)CN(C3=C(C=CC(=C23)Cl)O)C4=CC=CC=C4NC(=O)NC5=NC6=C(S5)CSCC6,-0.813
P47900,CC(C)(C)C1=CC=CC=C1OC2=C(C=CC=N2)NC(=O)NC3=CC=CC=C3,-1.613
P47900,CC(C)(C)CN1CCC2(CC1)CN(C3=C2C(=C(C=C3O)F)F)C4=CC=CC=C4NC(=O)NC5=NC6=C(S5)C=C(C=C6)F,-1.167
P47900,CC(C)(C)CN1CCC2(CC1)CN(C3=C(C=CC(=C23)C(F)(F)F)O)C4=C(C=CC=N4)NC(=O)NC5=CC=C(C=C5)C(C)(C)C,-0.519
P47900,CC1(CN(C2=C1C(=C(C=C2O)F)C3=CC=C(C=C3)C(C)(C)C)C4=CC=CC=C4NC(=O)NC5=CSC(=N5)Cl)C,-1.1
P47900,CC(C)(C)C1=CC=CC=C1OC2=C(C=CC=N2)NC3=NN=CS3,-3.436
P47900,CC1=C(ON=C1C)NS(=O)(=O)C2=CC=C(C=C2)NC(=O)NC3=CC=C(C=C3)C(F)(F)F,-4.653
P47900,C1C2C1(C(C(C2N3C=NC4=C3N=CN=C4N)O)O)COP(=O)(O)OP(=O)(O)OP(=O)(O)O,-2.89
P47900,CC1(CN(C2=C(C=CC(=C21)C3=CC=C(C=C3)F)O)C4=CC=CC=C4NC(=O)NC5=CC=C(C=C5)OC(F)(F)F)C,-0.839
P47900,CC(C)(C)C1=CC=CC=C1OC2=C(C=CC=N2)NC3=NN=C(S3)C4=CC=C(C=C4)N(C)C,-1.431
P47900,CC(C)(C)C1=CC=CC=C1OC2=C(C=CC=N2)NC3=NN=C(S3)C4=CC(=CC=C4)CN(C)C,-2.826
P47900,CC(C)(C)CN1CCC2(CC1)CN(C3=C2C(=C(C=C3O)F)C4=CC=C(C=C4)Cl)C5=CC=CC=C5NC(=O)NC6=NC7=C(S6)N=C(C=C7)Cl,-1.396
P47900,C=CC1=NC2=C(N1C3CC(C(O3)COP(=O)(O)O)OP(=O)(O)O)N=CN=C2N,-4.487
P47900,CCCNC1=NC=NC2=C1N=CN2C3C(C(C(O3)COP(=S)([O-])OP(=O)(C(P(=O)([O-])OP(=O)(OCC4C(C(C(O4)N5C=NC6=C5N=CN=C6NCCC)O)O)[S-])Cl)[O-])O)O.[Na+].[Na+].[Na+].[Na+],-3.944
P47900,CC(C)(C)CN1CCC2(CC1)CN(C3=C(C=CC(=C23)Cl)O)C4=CC=CC=C4NC(=O)NC5=NC6=C(S5)COCC6,-0.903
P47900,CNC1=NC(=NC2=C1N=CN2C3CC(C4(C3C4)COP(=O)(O)O)OP(=O)(O)O)Cl,-1.714
P47900,CC(C)(C)C1=CC=CC=C1OC2=C(C=CC=N2)NC(=O)NC3=C(C=C(C=C3)OCC4CCN(CC4)CC5=CC=CC=C5)F,-1.041
P47900,C1=NC2=C(C(=N1)N)N=CN2C3C(C(C(O3)COP(=O)(O)O)OP(=O)(O)O)O,-3.936
P47900,CC1(CCN(C2=CC=CC=C21)C3=CC=CC=C3NC(=O)NC4=CC=C(C=C4)OC(F)(F)F)C,-3.043
P47900,CC(C)CC1=NC(=CO1)C2=C(C=C(C3=C2C(CN3C4=CC=CC=C4NC(=O)NC5=CC=C(C=C5)OC(F)(F)F)(C)C)O)F,-1.274
P47900,CC(C)(C)CN1CCC2(CC1)CN(C3=C(C=CC(=C23)C(F)(F)F)O)C4=CC=CC=C4NC(=O)NC5=NC=CS5,-0.806
P47900,C1=CC(=CC(=C1)OC2=C(C=CC=N2)NC(=O)NC3=CC=C(C=C3)OC(F)(F)F)C(F)(F)F,-2.496
P47900,C1CCC2(C1)CN(C3=CC=CC=C23)C4=CC=CC=C4NC(=O)NC5=CC=C(C=C5)OC(F)(F)F,-3.08
P47900,CC1=C(N=CC(=C1)C2=C3C(=C(C=C2)O)N(CC3(C)C)C4=CC=CC=C4NC(=O)NC5=CC=C(C=C5)OC(F)(F)F)F,-0.519
P47900,CC(C)(C)CN1CCC2(CC1)CN(C3=C(C=CC(=C23)Cl)O)C4=CC=CC=C4NC5=NN=C(S5)C6=CN=C(C=C6)C(F)(F)F,-0.756
P47900,CC(C)(C)CCN1CCC2=C(C1)C=CC=C2OC3=C(C=CC=N3)NC(=O)NC4=CC=C(C=C4)OC(F)(F)F,-2.279
P47900,C1CC2=CC=CC=C2N(C1)C3=CC=CC=C3NC(=O)NC4=CC=C(C=C4)OC(F)(F)F,-1.565
P47900,CC(C)CN1CCC2(CC1)CN(C3=C(C=CC(=C23)Cl)O)C4=CC=CC=C4NC(=O)NC5=NC6=C(S5)C=C(C=C6)F,-0.996
P47900,C1=CC(=CC(=C1)OC2=C(C=CC=N2)NC(=O)NC3=CC=C(C=C3)Cl)C(F)(F)F,-1.839
P47900,CCC1=CC=CC=C1N2C(=CC(=N2)C)OC3=C(C=CC=N3)NC(=O)NC4=CC=C(C=C4)OC(F)(F)F,-1.845
P47900,CC(C)CN1CCC2=C(C1)SC(=N2)NC(=O)NC3=CC=CC=C3N4CC(C5=C(C=CC(=C54)O)C(F)(F)F)(C)C,-0.898
P47900,CC1(CN(C2=C1C(=C(C=C2O)F)C3=CC=C(C=C3)C(C)(C)C)C4=CC=CC=C4NC(=O)NC5=CC=C(C=C5)OC(F)(F)F)C,-1.522
P47900,CC1(CN(C2=C(C=CC(=C21)Br)O)C3=CC=CC=C3NC(=O)NC4=NC5=C(S4)C=C(C=C5)Cl)C,-1.025
P47900,CNC1=NC=NC2=C1N=CN2C3CC(C4(C3C4)COP(=O)(O)O)OP(=O)(O)O,-1.941
P47900,CCCSC1=NC2=C(C(=N1)NC)N=CN2C3CC(C(O3)COP(=O)(O)O)OP(=O)(O)O,-2.652
P47900,CC1=CC=C(C=C1)NC(=O)NC2=C(N=CC=C2)NC3=CC=CC=C3C(C)(C)C,-2.243
P47900,CC(C)(C)CN1CCC2(CC1)CN(C3=C(C=CC(=C23)F)O)C4=CC=CC=C4NC(=O)NC5=NC6=C(S5)C=C(C=C6)Cl,-0.568
P47900,CNC1=NC=NC2=C1N=CN2C3C(C(C(O3)COP(=S)([O-])OP(=O)(C(P(=O)([O-])OP(=O)(OCC4C(C(C(O4)N5C=NC6=C5N=CN=C6NC)O)O)[S-])Cl)[O-])O)O.[Na+].[Na+].[Na+].[Na+],-3.294
P47900,CC1(CN(C2=C(C=CC(=C21)C3=CC(=CC=C3)F)O)C4=CC=CC=C4NC(=O)NC5=CC=C(C=C5)OC(F)(F)F)C,-0.929
P47900,CC1(CN(C2=C1C(=C(C=C2O)F)C3=CC=C(C=C3)F)C4=CC=CC=C4NC(=O)NC5=NC6=C(S5)N=C(C=C6)F)C,-0.973
P47900,C1C2C1(C(C(C2N3C=NC4=C3N=C(N=C4N)Cl)O)O)COP(=O)(O)O,-2.859
P47900,CC(C)(C)CN1CCC2(CC1)CN(C3=C(C=CC(=C23)C(F)(F)F)O)C4=CC=CC=C4NC5=NN=C(S5)C6=CC=C(C=C6)F,-1.176
P47900,CC(C)(C)CN1CCC2(CC1)CN(C3=C(C=CC(=C23)Cl)O)C4=CC=CC=C4NC(=O)NC5=NC6=C(S5)C=C(C=C6)Cl,-0.706
P47900,CC(C)(C)CN1CCC2(CC1)CN(C3=C(C=CC(=C23)Cl)O)C4=C(C=CC(=C4)F)NC(=O)NC5=NC6=C(S5)C=C(C=C6)F,-1.346
P47900,CC(C)(C)CN1CCC2(CC1)CN(C3=C(C=CC(=C23)Cl)O)C4=CC=CC=C4NC5=NN=C(S5)C6=CC=NC=C6,-1.604
P47900,CC(C)(C)CN1CCC2(CC1)CN(C3=C(C=CC(=C23)F)O)C4=CC=CC=C4NC(=O)NC5=NC6=C(S5)C=C(C=C6)OC,-0.898
